Timestamp,Position,Rotation,Fps,UserID,DisplayID
1629469457938,"(-0.101, 1.803, -1.705)","(0.076, 0.024, -0.017, 0.997)",66.8342,U201616,Statua_10
1629469457951,"(-0.101, 1.803, -1.705)","(0.076, 0.023, -0.018, 0.997)",76.70123,U201616,Statua_10
1629469457965,"(-0.101, 1.803, -1.705)","(0.076, 0.022, -0.018, 0.997)",73.46189,U201616,Statua_10
1629469457979,"(-0.101, 1.803, -1.706)","(0.076, 0.021, -0.019, 0.997)",70.89383,U201616,Statua_10
1629469457993,"(-0.100, 1.803, -1.705)","(0.076, 0.020, -0.020, 0.997)",72.46377,U201616,Statua_10
1629469458007,"(-0.100, 1.803, -1.706)","(0.076, 0.019, -0.020, 0.997)",72.36728,U201616,Statua_10
1629469458021,"(-0.100, 1.803, -1.706)","(0.076, 0.018, -0.020, 0.997)",71.3058243,U201616,Statua_10
1629469458035,"(-0.099, 1.803, -1.706)","(0.076, 0.017, -0.021, 0.997)",71.425,U201616,Statua_10
1629469458049,"(-0.098, 1.804, -1.704)","(0.075, 0.016, -0.021, 0.997)",71.58504,U201616,Statua_10
1629469458062,"(-0.098, 1.804, -1.704)","(0.075, 0.015, -0.021, 0.997)",73.340126,U201616,Statua_10
1629469458076,"(-0.097, 1.804, -1.703)","(0.074, 0.014, -0.021, 0.997)",71.14703,U201616,Statua_10
1629469458091,"(-0.096, 1.804, -1.702)","(0.074, 0.013, -0.021, 0.997)",70.83959,U201616,Statua_10
1629469458104,"(-0.096, 1.804, -1.701)","(0.073, 0.013, -0.021, 0.997)",73.43276,U201616,Statua_10
1629469458118,"(-0.095, 1.804, -1.700)","(0.073, 0.012, -0.021, 0.997)",71.44286,U201616,Statua_10
1629469458132,"(-0.094, 1.804, -1.698)","(0.072, 0.011, -0.021, 0.997)",71.28651,U201616,Statua_10
1629469458146,"(-0.093, 1.804, -1.697)","(0.072, 0.010, -0.021, 0.997)",72.8602753,U201616,Statua_10
1629469458160,"(-0.092, 1.804, -1.695)","(0.071, 0.009, -0.022, 0.997)",71.64248,U201616,Statua_10
1629469458174,"(-0.090, 1.804, -1.693)","(0.071, 0.008, -0.022, 0.997)",71.16931,U201616,Statua_10
1629469458188,"(-0.089, 1.804, -1.691)","(0.071, 0.008, -0.022, 0.997)",71.83031,U201616,Statua_10
1629469458202,"(-0.088, 1.804, -1.689)","(0.070, 0.007, -0.022, 0.997)",72.71194,U201616,Statua_10
1629469458216,"(-0.086, 1.804, -1.687)","(0.070, 0.006, -0.022, 0.997)",71.2987061,U201616,Statua_10
1629469458230,"(-0.085, 1.804, -1.684)","(0.070, 0.006, -0.022, 0.997)",71.33634,U201616,Statua_10
1629469458243,"(-0.083, 1.804, -1.682)","(0.070, 0.005, -0.023, 0.997)",72.73679,U201616,Statua_10
1629469458257,"(-0.081, 1.804, -1.679)","(0.070, 0.005, -0.023, 0.997)",71.25603,U201616,Statua_10
1629469458272,"(-0.079, 1.804, -1.677)","(0.069, 0.005, -0.023, 0.997)",70.9501648,U201616,Statua_10
1629469458285,"(-0.077, 1.804, -1.674)","(0.069, 0.005, -0.023, 0.997)",73.21609,U201616,Statua_10
1629469458299,"(-0.075, 1.804, -1.671)","(0.069, 0.005, -0.024, 0.997)",71.69024,U201616,Statua_10
1629469458313,"(-0.073, 1.804, -1.667)","(0.069, 0.004, -0.024, 0.997)",71.93313,U201616,Statua_10
1629469458327,"(-0.071, 1.804, -1.664)","(0.068, 0.004, -0.024, 0.997)",71.8798752,U201616,Statua_10
1629469458341,"(-0.069, 1.804, -1.661)","(0.068, 0.004, -0.025, 0.997)",71.46226,U201616,Statua_10
1629469458355,"(-0.066, 1.804, -1.657)","(0.067, 0.004, -0.025, 0.997)",71.94969,U201616,Statua_10
1629469458369,"(-0.064, 1.804, -1.654)","(0.066, 0.004, -0.026, 0.997)",71.08584,U201616,Statua_10
1629469458383,"(-0.061, 1.804, -1.650)","(0.065, 0.004, -0.026, 0.998)",72.95064,U201616,Statua_10
1629469458397,"(-0.059, 1.804, -1.646)","(0.063, 0.003, -0.026, 0.998)",71.48882,U201616,Statua_10
1629469458411,"(-0.056, 1.804, -1.643)","(0.062, 0.003, -0.026, 0.998)",70.44982,U201616,Statua_10
1629469458424,"(-0.053, 1.804, -1.639)","(0.061, 0.003, -0.026, 0.998)",73.74903,U201616,Statua_10
1629469458439,"(-0.050, 1.804, -1.635)","(0.059, 0.003, -0.026, 0.998)",70.446846,U201616,Statua_10
1629469458452,"(-0.048, 1.804, -1.631)","(0.057, 0.002, -0.026, 0.998)",72.09909,U201616,Statua_10
1629469458466,"(-0.045, 1.803, -1.627)","(0.055, 0.002, -0.026, 0.998)",72.83799,U201616,Statua_10
1629469458480,"(-0.041, 1.803, -1.623)","(0.053, 0.002, -0.025, 0.998)",70.33882,U201616,Statua_10
1629469458494,"(-0.038, 1.803, -1.618)","(0.052, 0.002, -0.025, 0.998)",71.94659,U201616,Statua_10
1629469458508,"(-0.035, 1.803, -1.614)","(0.050, 0.001, -0.025, 0.998)",72.32331,U201616,Statua_10
1629469458522,"(-0.032, 1.803, -1.610)","(0.049, 0.001, -0.024, 0.999)",72.3793259,U201616,Statua_10
1629469458536,"(-0.029, 1.804, -1.605)","(0.048, 0.001, -0.024, 0.999)",71.39084,U201616,Statua_10
1629469458550,"(-0.026, 1.804, -1.600)","(0.047, 0.000, -0.023, 0.999)",71.39797,U201616,Statua_10
1629469458564,"(-0.023, 1.804, -1.596)","(0.047, 0.000, -0.022, 0.999)",72.84966,U201616,Statua_10
1629469458578,"(-0.019, 1.804, -1.591)","(0.046, -0.001, -0.022, 0.999)",68.51051,U201616,Statua_10
1629469458592,"(-0.016, 1.804, -1.587)","(0.046, -0.002, -0.021, 0.999)",73.52833,U201616,Statua_10
1629469458606,"(-0.013, 1.804, -1.582)","(0.046, -0.003, -0.020, 0.999)",72.80034,U201616,Statua_10
1629469458620,"(-0.010, 1.804, -1.577)","(0.045, -0.005, -0.019, 0.999)",71.76845,U201616,Statua_10
1629469458634,"(-0.007, 1.804, -1.573)","(0.044, -0.006, -0.019, 0.999)",71.77154,U201616,Statua_10
1629469458648,"(-0.004, 1.804, -1.568)","(0.044, -0.008, -0.019, 0.999)",71.3063354,U201616,Statua_10
1629469458661,"(-0.001, 1.805, -1.563)","(0.045, -0.009, -0.019, 0.999)",72.71088,U201616,Statua_10
1629469458675,"(0.002, 1.807, -1.558)","(0.046, -0.010, -0.018, 0.999)",71.9233,U201616,Statua_10
1629469458689,"(0.004, 1.808, -1.554)","(0.046, -0.010, -0.018, 0.999)",71.04341,U201616,Statua_10
1629469458703,"(0.007, 1.808, -1.549)","(0.046, -0.011, -0.016, 0.999)",73.1743,U201616,Statua_10
1629469458717,"(0.009, 1.809, -1.545)","(0.046, -0.011, -0.013, 0.999)",71.91865,U201616,Statua_10
1629469458731,"(0.012, 1.809, -1.540)","(0.047, -0.011, -0.011, 0.999)",71.15766,U201616,Statua_10
1629469458745,"(0.014, 1.810, -1.536)","(0.048, -0.010, -0.009, 0.999)",73.27242,U201616,Statua_10
1629469458759,"(0.016, 1.810, -1.531)","(0.048, -0.010, -0.007, 0.999)",71.32464,U201616,Statua_10
1629469458773,"(0.018, 1.811, -1.527)","(0.047, -0.009, -0.006, 0.999)",71.31396,U201616,Statua_10
1629469458786,"(0.019, 1.811, -1.522)","(0.046, -0.008, -0.004, 0.999)",72.82366,U201616,Statua_10
1629469458800,"(0.021, 1.811, -1.517)","(0.046, -0.007, -0.001, 0.999)",71.02122,U201616,Statua_10
1629469458815,"(0.022, 1.811, -1.513)","(0.047, -0.007, 0.002, 0.999)",70.61199,U201616,Statua_10
1629469458828,"(0.023, 1.811, -1.508)","(0.049, -0.007, 0.005, 0.999)",72.67917,U201616,Statua_10
1629469458842,"(0.024, 1.812, -1.504)","(0.051, -0.008, 0.008, 0.999)",72.80352,U201616,Statua_10
1629469458856,"(0.025, 1.812, -1.499)","(0.052, -0.008, 0.011, 0.999)",70.88378,U201616,Statua_10
1629469458870,"(0.026, 1.813, -1.495)","(0.054, -0.009, 0.015, 0.998)",70.90539,U201616,Statua_10
1629469458884,"(0.027, 1.812, -1.490)","(0.056, -0.009, 0.018, 0.998)",72.97726,U201616,Statua_10
1629469458898,"(0.028, 1.812, -1.486)","(0.058, -0.010, 0.021, 0.998)",70.8652,U201616,Statua_10
1629469458926,"(0.029, 1.812, -1.477)","(0.063, -0.011, 0.025, 0.998)",36.09613,U201616,Statua_10
1629469458940,"(0.030, 1.812, -1.472)","(0.065, -0.011, 0.027, 0.997)",72.27836,U201616,Statua_10
1629469458954,"(0.030, 1.811, -1.468)","(0.067, -0.011, 0.029, 0.997)",71.7144,U201616,Statua_10
1629469458968,"(0.031, 1.811, -1.463)","(0.069, -0.012, 0.030, 0.997)",71.4729843,U201616,Statua_10
1629469458982,"(0.031, 1.811, -1.459)","(0.072, -0.012, 0.031, 0.997)",72.07259,U201616,Statua_10
1629469458996,"(0.031, 1.810, -1.454)","(0.074, -0.012, 0.033, 0.997)",70.89936,U201616,Statua_10
1629469459010,"(0.031, 1.810, -1.449)","(0.075, -0.012, 0.035, 0.996)",71.67534,U201616,Statua_10
1629469459023,"(0.031, 1.810, -1.444)","(0.076, -0.013, 0.037, 0.996)",72.8581543,U201616,Statua_10
1629469459037,"(0.032, 1.810, -1.440)","(0.076, -0.013, 0.039, 0.996)",71.36434,U201616,Statua_10
1629469459051,"(0.032, 1.809, -1.435)","(0.076, -0.013, 0.040, 0.996)",70.7659,U201616,Statua_10
1629469459065,"(0.031, 1.809, -1.430)","(0.077, -0.014, 0.042, 0.996)",74.50787,U201616,Statua_10
1629469459079,"(0.031, 1.808, -1.425)","(0.077, -0.014, 0.044, 0.996)",71.20073,U201616,Statua_10
1629469459093,"(0.031, 1.808, -1.420)","(0.078, -0.013, 0.045, 0.996)",71.60657,U201616,Statua_10
1629469459107,"(0.031, 1.807, -1.414)","(0.078, -0.013, 0.046, 0.996)",72.6343,U201616,Statua_10
1629469459121,"(0.031, 1.807, -1.409)","(0.078, -0.013, 0.047, 0.996)",70.82253,U201616,Statua_10
1629469459135,"(0.031, 1.807, -1.404)","(0.078, -0.013, 0.048, 0.996)",72.08766,U201616,Statua_10
1629469459149,"(0.031, 1.806, -1.399)","(0.077, -0.013, 0.049, 0.996)",71.58657,U201616,Statua_10
1629469459163,"(0.030, 1.805, -1.393)","(0.077, -0.013, 0.050, 0.996)",71.79936,U201616,Statua_10
1629469459177,"(0.030, 1.804, -1.388)","(0.077, -0.013, 0.051, 0.996)",70.59505,U201616,Statua_10
1629469459204,"(0.029, 1.803, -1.376)","(0.076, -0.013, 0.052, 0.996)",36.2826271,U201616,Statua_10
1629469459218,"(0.028, 1.802, -1.370)","(0.076, -0.013, 0.053, 0.996)",72.1427841,U201616,Statua_10
1629469459232,"(0.027, 1.801, -1.365)","(0.075, -0.012, 0.054, 0.996)",71.50979,U201616,Statua_10
1629469459246,"(0.026, 1.800, -1.359)","(0.075, -0.013, 0.054, 0.996)",72.2016449,U201616,Statua_10
1629469459260,"(0.025, 1.799, -1.353)","(0.075, -0.013, 0.056, 0.996)",71.5712051,U201616,Statua_10
1629469459274,"(0.023, 1.798, -1.347)","(0.075, -0.014, 0.057, 0.995)",71.28194,U201616,Statua_10
1629469459288,"(0.022, 1.797, -1.341)","(0.076, -0.014, 0.058, 0.995)",71.95953,U201616,Statua_10
1629469459301,"(0.021, 1.796, -1.334)","(0.076, -0.014, 0.058, 0.995)",73.65126,U201616,Statua_10
1629469459315,"(0.019, 1.795, -1.328)","(0.076, -0.014, 0.059, 0.995)",71.43418,U201616,Statua_10
1629469459330,"(0.018, 1.795, -1.322)","(0.077, -0.013, 0.060, 0.995)",70.51938,U201616,Statua_10
1629469459343,"(0.016, 1.795, -1.316)","(0.078, -0.012, 0.060, 0.995)",72.6897354,U201616,Statua_10
1629469459358,"(0.014, 1.796, -1.309)","(0.079, -0.012, 0.062, 0.995)",69.8294754,U201616,Statua_10
1629469459385,"(0.011, 1.797, -1.296)","(0.077, -0.012, 0.067, 0.995)",36.20473,U201616,Statua_10
1629469459399,"(0.009, 1.798, -1.289)","(0.077, -0.012, 0.068, 0.995)",71.43776,U201616,Statua_10
1629469459413,"(0.007, 1.800, -1.283)","(0.076, -0.011, 0.072, 0.994)",72.1381,U201616,Statua_10
1629469459427,"(0.005, 1.801, -1.276)","(0.073, -0.011, 0.074, 0.995)",72.40501,U201616,Statua_10
1629469459441,"(0.003, 1.802, -1.270)","(0.071, -0.012, 0.075, 0.995)",71.03433,U201616,Statua_10
1629469459455,"(0.002, 1.803, -1.263)","(0.071, -0.012, 0.076, 0.994)",73.49699,U201616,Statua_10
1629469459469,"(0.000, 1.804, -1.257)","(0.070, -0.012, 0.077, 0.994)",71.48474,U201616,Statua_10
1629469459483,"(-0.002, 1.805, -1.250)","(0.068, -0.013, 0.078, 0.995)",72.4018555,U201616,Statua_10
1629469459497,"(-0.004, 1.806, -1.244)","(0.066, -0.014, 0.078, 0.995)",70.40022,U201616,Statua_10
1629469459525,"(-0.008, 1.808, -1.231)","(0.063, -0.017, 0.079, 0.995)",35.85553,U201616,Statua_10
1629469459538,"(-0.010, 1.808, -1.224)","(0.062, -0.018, 0.078, 0.995)",73.47376,U201616,Statua_10
1629469459552,"(-0.012, 1.809, -1.218)","(0.061, -0.020, 0.076, 0.995)",71.02626,U201616,Statua_10
1629469459566,"(-0.014, 1.809, -1.211)","(0.059, -0.020, 0.075, 0.995)",71.95694,U201616,Statua_10
1629469459580,"(-0.016, 1.810, -1.205)","(0.058, -0.021, 0.074, 0.995)",70.71835,U201616,Statua_10
1629469459594,"(-0.017, 1.811, -1.199)","(0.057, -0.021, 0.074, 0.995)",73.19948,U201616,Statua_10
1629469459608,"(-0.018, 1.811, -1.192)","(0.055, -0.019, 0.074, 0.996)",71.1997147,U201616,Statua_10
1629469459622,"(-0.020, 1.812, -1.186)","(0.052, -0.019, 0.070, 0.996)",71.3959351,U201616,Statua_10
1629469459650,"(-0.023, 1.812, -1.173)","(0.050, -0.019, 0.069, 0.996)",35.7144127,U201616,Statua_10
1629469459664,"(-0.025, 1.813, -1.167)","(0.048, -0.019, 0.069, 0.996)",74.04281,U201616,Statua_10
1629469459678,"(-0.026, 1.813, -1.161)","(0.045, -0.019, 0.068, 0.996)",71.70669,U201616,Statua_10
1629469459692,"(-0.028, 1.813, -1.155)","(0.043, -0.019, 0.068, 0.997)",69.9574661,U201616,Statua_10
1629469459705,"(-0.029, 1.813, -1.149)","(0.040, -0.019, 0.069, 0.997)",74.65584,U201616,Statua_10
1629469459719,"(-0.030, 1.813, -1.143)","(0.039, -0.019, 0.069, 0.997)",70.81651,U201616,Statua_10
1629469459733,"(-0.031, 1.813, -1.137)","(0.038, -0.018, 0.069, 0.997)",70.8561554,U201616,Statua_10
1629469459747,"(-0.032, 1.813, -1.132)","(0.037, -0.017, 0.070, 0.997)",72.18705,U201616,Statua_10
1629469459775,"(-0.033, 1.814, -1.120)","(0.037, -0.014, 0.071, 0.997)",35.89852,U201616,Statua_10
1629469459789,"(-0.034, 1.814, -1.115)","(0.037, -0.013, 0.072, 0.997)",71.18704,U201616,Statua_10
1629469459803,"(-0.035, 1.815, -1.109)","(0.036, -0.012, 0.073, 0.997)",72.954895,U201616,Statua_10
1629469459817,"(-0.035, 1.816, -1.104)","(0.035, -0.012, 0.074, 0.997)",72.06376,U201616,Statua_10
1629469459831,"(-0.036, 1.816, -1.098)","(0.035, -0.011, 0.076, 0.996)",71.19465,U201616,Statua_10
1629469459845,"(-0.036, 1.817, -1.093)","(0.035, -0.012, 0.076, 0.996)",72.06168,U201616,Statua_10
1629469459873,"(-0.037, 1.818, -1.082)","(0.033, -0.012, 0.076, 0.996)",35.6210365,U201616,Statua_10
1629469459887,"(-0.037, 1.818, -1.077)","(0.034, -0.012, 0.075, 0.997)",72.8549652,U201616,Statua_10
1629469459901,"(-0.037, 1.818, -1.071)","(0.033, -0.013, 0.074, 0.997)",71.27228,U201616,Statua_10
1629469459914,"(-0.037, 1.818, -1.066)","(0.033, -0.012, 0.073, 0.997)",72.68604,U201616,Statua_10
1629469459929,"(-0.037, 1.817, -1.061)","(0.033, -0.011, 0.072, 0.997)",70.681366,U201616,Statua_10
1629469459956,"(-0.037, 1.817, -1.050)","(0.034, -0.011, 0.069, 0.997)",36.22611,U201616,Statua_10
1629469459970,"(-0.037, 1.816, -1.044)","(0.033, -0.011, 0.068, 0.997)",71.34245,U201616,Statua_10
1629469459984,"(-0.037, 1.815, -1.039)","(0.035, -0.011, 0.068, 0.997)",73.51266,U201616,Statua_10
1629469459998,"(-0.036, 1.815, -1.033)","(0.036, -0.011, 0.067, 0.997)",71.74682,U201616,Statua_10
1629469460012,"(-0.035, 1.815, -1.028)","(0.038, -0.011, 0.067, 0.997)",70.2558,U201616,Statua_10
1629469460040,"(-0.034, 1.814, -1.016)","(0.041, -0.013, 0.066, 0.997)",35.83767,U201616,Statua_10
1629469460054,"(-0.033, 1.814, -1.010)","(0.042, -0.014, 0.067, 0.997)",72.27313,U201616,Statua_10
1629469460068,"(-0.031, 1.813, -1.004)","(0.043, -0.015, 0.067, 0.997)",71.01668,U201616,Statua_10
1629469460081,"(-0.030, 1.813, -0.998)","(0.045, -0.016, 0.067, 0.997)",74.5462,U201616,Statua_10
1629469460095,"(-0.028, 1.813, -0.992)","(0.046, -0.018, 0.066, 0.997)",70.06187,U201616,Statua_10
1629469460123,"(-0.025, 1.812, -0.980)","(0.047, -0.021, 0.064, 0.997)",36.020977,U201616,Statua_10
1629469460137,"(-0.023, 1.812, -0.974)","(0.048, -0.022, 0.063, 0.997)",71.82825,U201616,Statua_10
1629469460151,"(-0.021, 1.811, -0.968)","(0.048, -0.024, 0.061, 0.997)",71.50416,U201616,Statua_10
1629469460165,"(-0.019, 1.811, -0.961)","(0.048, -0.025, 0.059, 0.997)",73.33905,U201616,Statua_10
1629469460179,"(-0.017, 1.810, -0.955)","(0.047, -0.026, 0.058, 0.997)",70.73336,U201616,Statua_10
1629469460207,"(-0.012, 1.808, -0.942)","(0.047, -0.027, 0.055, 0.997)",35.9604874,U201616,Statua_10
1629469460220,"(-0.010, 1.808, -0.936)","(0.048, -0.028, 0.053, 0.997)",72.69872,U201616,Statua_10
1629469460234,"(-0.007, 1.807, -0.929)","(0.048, -0.029, 0.052, 0.997)",71.3165054,U201616,Statua_10
1629469460249,"(-0.004, 1.807, -0.923)","(0.048, -0.030, 0.051, 0.997)",70.8290558,U201616,Statua_10
1629469460276,"(0.001, 1.806, -0.910)","(0.048, -0.033, 0.049, 0.997)",36.0736046,U201616,Statua_10
1629469460290,"(0.004, 1.806, -0.904)","(0.048, -0.034, 0.049, 0.997)",71.2271042,U201616,Statua_10
1629469460304,"(0.007, 1.806, -0.897)","(0.048, -0.035, 0.048, 0.997)",74.30248,U201616,Statua_10
1629469460318,"(0.011, 1.806, -0.890)","(0.049, -0.037, 0.048, 0.997)",71.04998,U201616,Statua_10
1629469460332,"(0.014, 1.807, -0.884)","(0.049, -0.039, 0.049, 0.997)",70.30421,U201616,Statua_10
1629469460360,"(0.021, 1.806, -0.871)","(0.046, -0.042, 0.050, 0.997)",35.79944,U201616,Statua_10
1629469460374,"(0.025, 1.806, -0.864)","(0.046, -0.044, 0.048, 0.997)",72.5321,U201616,Statua_10
1629469460388,"(0.029, 1.807, -0.858)","(0.046, -0.044, 0.047, 0.997)",71.95125,U201616,Statua_10
1629469460402,"(0.032, 1.807, -0.851)","(0.045, -0.045, 0.046, 0.997)",72.71246,U201616,Statua_10
1629469460430,"(0.040, 1.806, -0.838)","(0.041, -0.047, 0.043, 0.997)",35.63919,U201616,Statua_10
1629469460443,"(0.044, 1.806, -0.832)","(0.039, -0.047, 0.041, 0.997)",72.95542,U201616,Statua_10
1629469460457,"(0.048, 1.806, -0.825)","(0.039, -0.047, 0.039, 0.997)",71.82308,U201616,Statua_10
1629469460471,"(0.051, 1.807, -0.819)","(0.039, -0.047, 0.038, 0.997)",71.22659,U201616,Statua_10
1629469460485,"(0.055, 1.807, -0.812)","(0.038, -0.048, 0.037, 0.997)",71.69024,U201616,Statua_10
1629469460513,"(0.062, 1.808, -0.800)","(0.040, -0.051, 0.037, 0.997)",35.5148964,U201616,Statua_10
1629469460527,"(0.066, 1.809, -0.795)","(0.041, -0.053, 0.038, 0.997)",74.33618,U201616,Statua_10
1629469460541,"(0.069, 1.810, -0.789)","(0.040, -0.054, 0.038, 0.997)",70.97836,U201616,Statua_10
1629469460555,"(0.072, 1.811, -0.783)","(0.040, -0.056, 0.038, 0.997)",70.92048,U201616,Statua_10
1629469460583,"(0.079, 1.813, -0.772)","(0.038, -0.061, 0.037, 0.997)",36.1340866,U201616,Statua_10
1629469460597,"(0.082, 1.813, -0.766)","(0.038, -0.063, 0.037, 0.997)",71.61631,U201616,Statua_10
1629469460610,"(0.085, 1.814, -0.761)","(0.037, -0.065, 0.037, 0.996)",72.80776,U201616,Statua_10
1629469460624,"(0.088, 1.814, -0.755)","(0.036, -0.067, 0.037, 0.996)",72.6147842,U201616,Statua_10
1629469460652,"(0.094, 1.814, -0.745)","(0.034, -0.072, 0.036, 0.996)",35.57124,U201616,Statua_10
1629469460666,"(0.097, 1.814, -0.740)","(0.034, -0.074, 0.036, 0.996)",71.31956,U201616,Statua_10
1629469460680,"(0.099, 1.815, -0.735)","(0.033, -0.076, 0.035, 0.996)",73.31916,U201616,Statua_10
1629469460694,"(0.101, 1.815, -0.730)","(0.032, -0.078, 0.035, 0.996)",72.20216,U201616,Statua_10
1629469460708,"(0.103, 1.814, -0.725)","(0.032, -0.080, 0.035, 0.996)",70.63394,U201616,Statua_10
1629469460736,"(0.107, 1.814, -0.715)","(0.035, -0.083, 0.035, 0.995)",35.92238,U201616,Statua_10
1629469460750,"(0.109, 1.815, -0.711)","(0.036, -0.085, 0.035, 0.995)",70.73136,U201616,Statua_10
1629469460763,"(0.111, 1.815, -0.706)","(0.038, -0.086, 0.035, 0.995)",74.17352,U201616,Statua_10
1629469460777,"(0.112, 1.815, -0.701)","(0.041, -0.088, 0.036, 0.995)",71.6866455,U201616,Statua_10
1629469460792,"(0.114, 1.816, -0.697)","(0.041, -0.089, 0.036, 0.994)",70.70486,U201616,Statua_10
1629469460819,"(0.116, 1.816, -0.688)","(0.043, -0.091, 0.036, 0.994)",36.2322769,U201616,Statua_10
1629469460833,"(0.117, 1.816, -0.683)","(0.043, -0.093, 0.035, 0.994)",71.08836,U201616,Statua_10
1629469460847,"(0.118, 1.816, -0.679)","(0.044, -0.094, 0.034, 0.994)",72.21155,U201616,Statua_10
1629469460861,"(0.119, 1.816, -0.674)","(0.044, -0.095, 0.034, 0.994)",71.73138,U201616,Statua_10
1629469460875,"(0.119, 1.816, -0.670)","(0.044, -0.096, 0.034, 0.994)",72.95329,U201616,Statua_10
1629469460889,"(0.120, 1.816, -0.666)","(0.045, -0.097, 0.034, 0.994)",69.55505,U201616,Statua_10
1629469460917,"(0.120, 1.816, -0.657)","(0.046, -0.099, 0.034, 0.993)",36.3314,U201616,Statua_10
1629469460931,"(0.120, 1.816, -0.653)","(0.046, -0.100, 0.034, 0.993)",71.71338,U201616,Statua_10
1629469460944,"(0.120, 1.816, -0.649)","(0.047, -0.101, 0.034, 0.993)",72.10481,U201616,Statua_10
1629469460958,"(0.120, 1.816, -0.644)","(0.048, -0.102, 0.033, 0.993)",72.22772,U201616,Statua_10
1629469460972,"(0.120, 1.817, -0.640)","(0.048, -0.102, 0.034, 0.993)",71.19414,U201616,Statua_10
1629469460986,"(0.120, 1.816, -0.636)","(0.048, -0.103, 0.033, 0.993)",72.13498,U201616,Statua_10
1629469461014,"(0.119, 1.815, -0.628)","(0.048, -0.103, 0.032, 0.993)",35.49145,U201616,Statua_10
1629469461028,"(0.118, 1.815, -0.624)","(0.050, -0.102, 0.031, 0.993)",73.24827,U201616,Statua_10
1629469461042,"(0.118, 1.816, -0.620)","(0.051, -0.102, 0.031, 0.993)",72.1797562,U201616,Statua_10
1629469461057,"(0.117, 1.815, -0.616)","(0.050, -0.102, 0.032, 0.993)",67.26307,U201616,Statua_10
1629469461070,"(0.116, 1.814, -0.612)","(0.048, -0.101, 0.031, 0.993)",76.427475,U201616,Statua_10
1629469461084,"(0.115, 1.813, -0.609)","(0.049, -0.101, 0.030, 0.993)",73.07057,U201616,Statua_10
1629469461098,"(0.114, 1.813, -0.605)","(0.050, -0.100, 0.030, 0.993)",70.4622345,U201616,Statua_10
1629469461125,"(0.112, 1.812, -0.599)","(0.052, -0.099, 0.030, 0.993)",35.99207,U201616,Statua_10
1629469461139,"(0.111, 1.812, -0.595)","(0.053, -0.099, 0.031, 0.993)",71.66507,U201616,Statua_10
1629469461154,"(0.110, 1.812, -0.592)","(0.055, -0.098, 0.031, 0.993)",71.05654,U201616,Statua_10
1629469461167,"(0.108, 1.813, -0.589)","(0.056, -0.098, 0.032, 0.993)",73.13203,U201616,Statua_10
1629469461181,"(0.107, 1.813, -0.587)","(0.057, -0.098, 0.033, 0.993)",71.19312,U201616,Statua_10
1629469461195,"(0.105, 1.814, -0.584)","(0.055, -0.098, 0.034, 0.993)",72.209465,U201616,Statua_10
1629469461209,"(0.104, 1.815, -0.581)","(0.054, -0.098, 0.034, 0.993)",70.70486,U201616,Statua_10
1629469461237,"(0.101, 1.816, -0.575)","(0.051, -0.098, 0.034, 0.993)",36.2784157,U201616,Statua_10
1629469461251,"(0.100, 1.817, -0.572)","(0.050, -0.097, 0.034, 0.993)",71.7015457,U201616,Statua_10
1629469461265,"(0.098, 1.817, -0.569)","(0.048, -0.097, 0.035, 0.994)",72.25329,U201616,Statua_10
1629469461279,"(0.097, 1.818, -0.566)","(0.046, -0.096, 0.035, 0.994)",71.7020645,U201616,Statua_10
1629469461293,"(0.096, 1.818, -0.563)","(0.045, -0.095, 0.035, 0.994)",71.53536,U201616,Statua_10
1629469461306,"(0.095, 1.819, -0.560)","(0.044, -0.094, 0.034, 0.994)",73.01562,U201616,Statua_10
1629469461320,"(0.093, 1.819, -0.557)","(0.044, -0.092, 0.033, 0.994)",71.51797,U201616,Statua_10
1629469461334,"(0.092, 1.819, -0.554)","(0.043, -0.091, 0.032, 0.994)",70.18529,U201616,Statua_10
1629469461348,"(0.091, 1.819, -0.551)","(0.043, -0.089, 0.030, 0.995)",72.03469,U201616,Statua_10
1629469461376,"(0.088, 1.818, -0.545)","(0.043, -0.086, 0.027, 0.995)",35.92599,U201616,Statua_10
1629469461390,"(0.087, 1.818, -0.542)","(0.044, -0.085, 0.025, 0.995)",72.35314,U201616,Statua_10
1629469461404,"(0.086, 1.817, -0.539)","(0.044, -0.084, 0.024, 0.995)",72.16413,U201616,Statua_10
1629469461418,"(0.084, 1.817, -0.536)","(0.045, -0.083, 0.023, 0.995)",71.2078247,U201616,Statua_10
1629469461432,"(0.083, 1.816, -0.533)","(0.046, -0.081, 0.022, 0.995)",70.67987,U201616,Statua_10
1629469461446,"(0.082, 1.815, -0.530)","(0.047, -0.080, 0.022, 0.995)",74.19223,U201616,Statua_10
1629469461460,"(0.081, 1.815, -0.527)","(0.048, -0.079, 0.022, 0.995)",71.62247,U201616,Statua_10
1629469461473,"(0.080, 1.814, -0.524)","(0.050, -0.078, 0.022, 0.995)",72.03625,U201616,Statua_10
1629469461487,"(0.079, 1.814, -0.522)","(0.051, -0.077, 0.023, 0.995)",71.71286,U201616,Statua_10
1629469461502,"(0.078, 1.814, -0.519)","(0.053, -0.076, 0.023, 0.995)",69.65389,U201616,Statua_10
1629469461529,"(0.076, 1.814, -0.513)","(0.056, -0.076, 0.025, 0.995)",36.0521469,U201616,Statua_10
1629469461543,"(0.075, 1.814, -0.510)","(0.058, -0.076, 0.026, 0.995)",74.3726654,U201616,Statua_10
1629469461557,"(0.074, 1.814, -0.507)","(0.060, -0.076, 0.026, 0.995)",70.01673,U201616,Statua_10
1629469461571,"(0.073, 1.814, -0.505)","(0.061, -0.077, 0.027, 0.995)",71.1414642,U201616,Statua_10
1629469461585,"(0.073, 1.814, -0.502)","(0.062, -0.077, 0.027, 0.995)",73.29068,U201616,Statua_10
1629469461599,"(0.072, 1.814, -0.499)","(0.063, -0.077, 0.027, 0.995)",71.80968,U201616,Statua_10
1629469461613,"(0.071, 1.814, -0.496)","(0.064, -0.077, 0.027, 0.995)",71.06159,U201616,Statua_10
1629469461626,"(0.071, 1.815, -0.493)","(0.064, -0.077, 0.026, 0.995)",73.4457,U201616,Statua_10
1629469461641,"(0.070, 1.815, -0.490)","(0.064, -0.077, 0.025, 0.995)",69.8026657,U201616,Statua_10
1629469461655,"(0.070, 1.815, -0.488)","(0.064, -0.077, 0.024, 0.995)",70.72936,U201616,Statua_10
1629469461682,"(0.069, 1.815, -0.482)","(0.063, -0.077, 0.023, 0.995)",36.325592,U201616,Statua_10
1629469461696,"(0.069, 1.815, -0.479)","(0.062, -0.077, 0.023, 0.995)",71.8488846,U201616,Statua_10
1629469461710,"(0.069, 1.815, -0.476)","(0.061, -0.077, 0.023, 0.995)",71.83031,U201616,Statua_10
1629469461724,"(0.069, 1.815, -0.473)","(0.061, -0.078, 0.023, 0.995)",72.36885,U201616,Statua_10
1629469461738,"(0.069, 1.815, -0.469)","(0.060, -0.078, 0.024, 0.995)",71.88401,U201616,Statua_10
1629469461752,"(0.069, 1.815, -0.466)","(0.060, -0.078, 0.024, 0.995)",71.89176,U201616,Statua_10
1629469461766,"(0.069, 1.815, -0.463)","(0.060, -0.079, 0.025, 0.995)",72.60161,U201616,Statua_10
1629469461780,"(0.069, 1.816, -0.460)","(0.063, -0.080, 0.025, 0.994)",71.8168945,U201616,Statua_10
1629469461794,"(0.069, 1.817, -0.456)","(0.067, -0.081, 0.027, 0.994)",70.47912,U201616,Statua_10
1629469461808,"(0.069, 1.818, -0.453)","(0.063, -0.083, 0.029, 0.994)",71.59477,U201616,Statua_10
1629469461822,"(0.070, 1.816, -0.450)","(0.062, -0.085, 0.030, 0.994)",72.748436,U201616,Statua_10
1629469461850,"(0.071, 1.816, -0.444)","(0.065, -0.085, 0.024, 0.994)",35.58719,U201616,Statua_10
1629469461863,"(0.072, 1.816, -0.441)","(0.065, -0.084, 0.024, 0.994)",74.03294,U201616,Statua_10
1629469461877,"(0.073, 1.816, -0.438)","(0.065, -0.085, 0.023, 0.994)",71.22913,U201616,Statua_10
1629469461891,"(0.073, 1.816, -0.435)","(0.065, -0.085, 0.023, 0.994)",70.93507,U201616,Statua_10
1629469461905,"(0.074, 1.816, -0.432)","(0.066, -0.085, 0.023, 0.994)",72.95277,U201616,Statua_10
1629469461919,"(0.075, 1.816, -0.429)","(0.067, -0.085, 0.023, 0.994)",70.86168,U201616,Statua_10
1629469461935,"(0.076, 1.816, -0.427)","(0.068, -0.086, 0.024, 0.994)",63.22871,U201616,Statua_10
1629469461947,"(0.077, 1.816, -0.424)","(0.068, -0.086, 0.024, 0.994)",85.76918,U201616,Statua_10
1629469461961,"(0.078, 1.816, -0.422)","(0.069, -0.086, 0.024, 0.994)",70.75439,U201616,Statua_10
1629469461975,"(0.079, 1.817, -0.420)","(0.069, -0.087, 0.024, 0.994)",71.9021,U201616,Statua_10
1629469461989,"(0.080, 1.817, -0.418)","(0.069, -0.087, 0.024, 0.994)",71.1490555,U201616,Statua_10
1629469462002,"(0.081, 1.818, -0.415)","(0.069, -0.088, 0.023, 0.993)",72.87886,U201616,Statua_10
1629469462017,"(0.082, 1.818, -0.413)","(0.068, -0.089, 0.024, 0.993)",70.67787,U201616,Statua_10
1629469462044,"(0.084, 1.819, -0.409)","(0.065, -0.090, 0.023, 0.994)",36.0412331,U201616,Statua_10
1629469462058,"(0.085, 1.819, -0.407)","(0.064, -0.091, 0.023, 0.994)",71.28702,U201616,Statua_10
1629469462072,"(0.086, 1.819, -0.405)","(0.063, -0.092, 0.022, 0.994)",72.6797,U201616,Statua_10
1629469462086,"(0.087, 1.819, -0.404)","(0.062, -0.092, 0.021, 0.994)",72.7590256,U201616,Statua_10
1629469462100,"(0.088, 1.820, -0.402)","(0.061, -0.093, 0.021, 0.994)",68.7256851,U201616,Statua_10
1629469462114,"(0.089, 1.820, -0.400)","(0.060, -0.094, 0.020, 0.994)",73.31862,U201616,Statua_10
1629469462128,"(0.090, 1.820, -0.399)","(0.059, -0.094, 0.020, 0.994)",71.87781,U201616,Statua_10
1629469462142,"(0.091, 1.821, -0.397)","(0.058, -0.095, 0.020, 0.994)",72.30083,U201616,Statua_10
1629469462156,"(0.091, 1.821, -0.396)","(0.057, -0.096, 0.020, 0.994)",72.24807,U201616,Statua_10
1629469462170,"(0.092, 1.821, -0.394)","(0.056, -0.097, 0.020, 0.994)",70.70086,U201616,Statua_10
1629469462184,"(0.093, 1.821, -0.393)","(0.056, -0.098, 0.020, 0.993)",73.13203,U201616,Statua_10
1629469462197,"(0.094, 1.821, -0.392)","(0.055, -0.100, 0.020, 0.993)",71.89486,U201616,Statua_10
1629469462212,"(0.095, 1.821, -0.391)","(0.054, -0.101, 0.019, 0.993)",71.05957,U201616,Statua_10
1629469462225,"(0.095, 1.822, -0.389)","(0.053, -0.102, 0.019, 0.993)",73.76154,U201616,Statua_10
1629469462239,"(0.096, 1.822, -0.388)","(0.052, -0.103, 0.019, 0.993)",70.64591,U201616,Statua_10
1629469462253,"(0.097, 1.822, -0.387)","(0.052, -0.105, 0.019, 0.993)",72.12093,U201616,Statua_10
1629469462267,"(0.097, 1.822, -0.386)","(0.051, -0.106, 0.019, 0.993)",72.44802,U201616,Statua_10
1629469462281,"(0.098, 1.822, -0.385)","(0.050, -0.107, 0.019, 0.993)",70.94966,U201616,Statua_10
1629469462295,"(0.099, 1.822, -0.384)","(0.049, -0.109, 0.019, 0.993)",71.89538,U201616,Statua_10
1629469462309,"(0.100, 1.822, -0.383)","(0.049, -0.110, 0.020, 0.993)",72.01446,U201616,Statua_10
1629469462323,"(0.100, 1.822, -0.382)","(0.049, -0.111, 0.020, 0.992)",72.46534,U201616,Statua_10
1629469462337,"(0.101, 1.822, -0.381)","(0.048, -0.112, 0.020, 0.992)",71.35823,U201616,Statua_10
1629469462351,"(0.101, 1.823, -0.381)","(0.048, -0.113, 0.020, 0.992)",71.55379,U201616,Statua_10
1629469462364,"(0.102, 1.823, -0.380)","(0.048, -0.114, 0.021, 0.992)",72.3055344,U201616,Statua_10
1629469462379,"(0.102, 1.823, -0.379)","(0.048, -0.115, 0.021, 0.992)",71.04493,U201616,Statua_10
1629469462392,"(0.103, 1.823, -0.378)","(0.047, -0.116, 0.021, 0.992)",71.76072,U201616,Statua_10
1629469462406,"(0.103, 1.823, -0.378)","(0.047, -0.117, 0.021, 0.992)",72.12926,U201616,Statua_10
1629469462420,"(0.104, 1.823, -0.377)","(0.047, -0.118, 0.021, 0.992)",70.62895,U201616,Statua_10
1629469462434,"(0.104, 1.823, -0.376)","(0.046, -0.120, 0.021, 0.992)",72.61584,U201616,Statua_10
1629469462448,"(0.105, 1.823, -0.376)","(0.046, -0.121, 0.021, 0.991)",70.98693,U201616,Statua_10
1629469462462,"(0.105, 1.823, -0.375)","(0.045, -0.122, 0.021, 0.991)",73.1288147,U201616,Statua_10
1629469462476,"(0.106, 1.823, -0.374)","(0.045, -0.123, 0.021, 0.991)",71.49138,U201616,Statua_10
1629469462490,"(0.106, 1.823, -0.374)","(0.045, -0.124, 0.021, 0.991)",71.55994,U201616,Statua_10
1629469462518,"(0.107, 1.823, -0.373)","(0.045, -0.126, 0.022, 0.991)",35.83292,U201616,Statua_10
1629469462532,"(0.107, 1.823, -0.372)","(0.045, -0.127, 0.022, 0.991)",72.51158,U201616,Statua_10
1629469462545,"(0.108, 1.823, -0.372)","(0.045, -0.128, 0.022, 0.990)",73.20805,U201616,Statua_10
1629469462559,"(0.108, 1.823, -0.371)","(0.045, -0.129, 0.022, 0.990)",70.66339,U201616,Statua_10
1629469462573,"(0.108, 1.823, -0.371)","(0.045, -0.130, 0.021, 0.990)",72.01809,U201616,Statua_10
1629469462587,"(0.109, 1.823, -0.371)","(0.045, -0.131, 0.021, 0.990)",72.965004,U201616,Statua_10
1629469462601,"(0.109, 1.822, -0.370)","(0.045, -0.132, 0.021, 0.990)",70.72636,U201616,Statua_10
1629469462615,"(0.109, 1.822, -0.370)","(0.045, -0.133, 0.021, 0.990)",71.8602448,U201616,Statua_10
1629469462629,"(0.110, 1.822, -0.369)","(0.045, -0.134, 0.022, 0.990)",72.02224,U201616,Statua_10
1629469462643,"(0.110, 1.822, -0.369)","(0.046, -0.135, 0.022, 0.990)",72.68498,U201616,Statua_10
1629469462657,"(0.110, 1.822, -0.368)","(0.046, -0.136, 0.022, 0.989)",71.24486,U201616,Statua_10
1629469462671,"(0.110, 1.822, -0.367)","(0.046, -0.137, 0.022, 0.989)",71.42857,U201616,Statua_10
1629469462685,"(0.111, 1.822, -0.367)","(0.046, -0.137, 0.023, 0.989)",72.5126343,U201616,Statua_10
1629469462699,"(0.111, 1.822, -0.366)","(0.047, -0.139, 0.023, 0.989)",71.52411,U201616,Statua_10
1629469462713,"(0.112, 1.822, -0.366)","(0.047, -0.140, 0.023, 0.989)",71.7282944,U201616,Statua_10
1629469462726,"(0.112, 1.822, -0.365)","(0.047, -0.140, 0.023, 0.989)",71.86748,U201616,Statua_10
1629469462741,"(0.112, 1.822, -0.364)","(0.047, -0.142, 0.023, 0.989)",70.87725,U201616,Statua_10
1629469462755,"(0.113, 1.822, -0.363)","(0.047, -0.143, 0.023, 0.988)",71.76639,U201616,Statua_10
1629469462768,"(0.113, 1.822, -0.363)","(0.046, -0.144, 0.023, 0.988)",71.63529,U201616,Statua_10
1629469462782,"(0.113, 1.822, -0.362)","(0.046, -0.146, 0.023, 0.988)",73.07431,U201616,Statua_10
1629469462796,"(0.114, 1.822, -0.361)","(0.046, -0.147, 0.023, 0.988)",71.24384,U201616,Statua_10
1629469462810,"(0.114, 1.822, -0.360)","(0.047, -0.148, 0.023, 0.988)",71.38472,U201616,Statua_10
1629469462824,"(0.115, 1.822, -0.360)","(0.047, -0.149, 0.022, 0.987)",72.57315,U201616,Statua_10
1629469462838,"(0.116, 1.822, -0.359)","(0.047, -0.150, 0.022, 0.987)",71.9357147,U201616,Statua_10
1629469462852,"(0.116, 1.822, -0.358)","(0.047, -0.151, 0.021, 0.987)",70.67787,U201616,Statua_10
1629469462866,"(0.117, 1.822, -0.358)","(0.048, -0.152, 0.021, 0.987)",73.3326,U201616,Statua_10
1629469462880,"(0.118, 1.822, -0.357)","(0.048, -0.153, 0.021, 0.987)",71.29515,U201616,Statua_10
1629469462894,"(0.118, 1.822, -0.357)","(0.048, -0.153, 0.021, 0.987)",71.15766,U201616,Statua_10
1629469462908,"(0.119, 1.822, -0.356)","(0.048, -0.154, 0.020, 0.987)",71.59324,U201616,Statua_10
1629469462921,"(0.120, 1.822, -0.356)","(0.048, -0.155, 0.020, 0.987)",72.90649,U201616,Statua_10
1629469462936,"(0.120, 1.822, -0.355)","(0.048, -0.156, 0.020, 0.986)",70.5407639,U201616,Statua_10
1629469462949,"(0.121, 1.822, -0.355)","(0.047, -0.156, 0.019, 0.986)",72.7908,U201616,Statua_10
1629469462963,"(0.122, 1.822, -0.354)","(0.047, -0.157, 0.019, 0.986)",72.95862,U201616,Statua_10
1629469462977,"(0.122, 1.822, -0.354)","(0.047, -0.158, 0.019, 0.986)",70.23064,U201616,Statua_10
1629469462991,"(0.123, 1.822, -0.354)","(0.047, -0.158, 0.019, 0.986)",72.3055344,U201616,Statua_10
1629469463005,"(0.123, 1.822, -0.353)","(0.047, -0.159, 0.019, 0.986)",72.90649,U201616,Statua_10
1629469463019,"(0.124, 1.822, -0.353)","(0.047, -0.160, 0.018, 0.986)",71.4867859,U201616,Statua_10
1629469463033,"(0.125, 1.822, -0.353)","(0.047, -0.162, 0.018, 0.986)",71.7303543,U201616,Statua_10
1629469463047,"(0.125, 1.822, -0.352)","(0.046, -0.163, 0.018, 0.985)",72.6511841,U201616,Statua_10
1629469463061,"(0.126, 1.822, -0.352)","(0.046, -0.164, 0.019, 0.985)",70.6573944,U201616,Statua_10
1629469463075,"(0.126, 1.822, -0.352)","(0.045, -0.165, 0.019, 0.985)",72.6665,U201616,Statua_10
1629469463089,"(0.127, 1.822, -0.352)","(0.045, -0.167, 0.020, 0.985)",70.811,U201616,Statua_10
1629469463102,"(0.127, 1.822, -0.352)","(0.044, -0.168, 0.020, 0.985)",73.43222,U201616,Statua_10
1629469463116,"(0.128, 1.822, -0.351)","(0.043, -0.170, 0.020, 0.984)",70.96376,U201616,Statua_10
1629469463130,"(0.128, 1.822, -0.351)","(0.043, -0.171, 0.020, 0.984)",71.36893,U201616,Statua_10
1629469463144,"(0.129, 1.823, -0.351)","(0.042, -0.173, 0.020, 0.984)",71.25146,U201616,Statua_10
1629469463158,"(0.129, 1.823, -0.351)","(0.041, -0.174, 0.020, 0.984)",72.81412,U201616,Statua_10
1629469463172,"(0.130, 1.823, -0.351)","(0.040, -0.175, 0.020, 0.984)",71.7973,U201616,Statua_10
1629469463186,"(0.131, 1.823, -0.351)","(0.040, -0.175, 0.020, 0.983)",72.79133,U201616,Statua_10
1629469463200,"(0.131, 1.823, -0.350)","(0.039, -0.176, 0.020, 0.983)",70.73236,U201616,Statua_10
1629469463214,"(0.132, 1.823, -0.350)","(0.039, -0.177, 0.020, 0.983)",71.80349,U201616,Statua_10
1629469463228,"(0.133, 1.823, -0.350)","(0.038, -0.178, 0.020, 0.983)",71.47656,U201616,Statua_10
1629469463242,"(0.133, 1.823, -0.350)","(0.038, -0.178, 0.020, 0.983)",73.14112,U201616,Statua_10
1629469463256,"(0.134, 1.823, -0.350)","(0.037, -0.179, 0.019, 0.983)",70.79295,U201616,Statua_10
1629469463270,"(0.134, 1.823, -0.350)","(0.036, -0.180, 0.019, 0.983)",71.90934,U201616,Statua_10
1629469463283,"(0.135, 1.824, -0.350)","(0.035, -0.182, 0.018, 0.983)",72.93042,U201616,Statua_10
1629469463297,"(0.135, 1.824, -0.350)","(0.033, -0.183, 0.017, 0.982)",71.2788849,U201616,Statua_10
1629469463311,"(0.136, 1.825, -0.350)","(0.030, -0.185, 0.017, 0.982)",70.96326,U201616,Statua_10
1629469463325,"(0.136, 1.825, -0.350)","(0.028, -0.187, 0.017, 0.982)",73.31593,U201616,Statua_10
1629469463339,"(0.137, 1.825, -0.350)","(0.025, -0.189, 0.017, 0.982)",71.01365,U201616,Statua_10
1629469463353,"(0.137, 1.826, -0.350)","(0.023, -0.191, 0.017, 0.981)",71.77154,U201616,Statua_10
1629469463367,"(0.137, 1.826, -0.350)","(0.019, -0.194, 0.017, 0.981)",72.22094,U201616,Statua_10
1629469463381,"(0.137, 1.827, -0.349)","(0.015, -0.196, 0.016, 0.980)",71.626564,U201616,Statua_10
1629469463395,"(0.137, 1.827, -0.349)","(0.011, -0.199, 0.015, 0.980)",71.88504,U201616,Statua_10
1629469463409,"(0.138, 1.827, -0.349)","(0.010, -0.200, 0.015, 0.980)",71.41123,U201616,Statua_10
1629469463422,"(0.139, 1.828, -0.350)","(0.008, -0.201, 0.016, 0.979)",73.08446,U201616,Statua_10
1629469463437,"(0.140, 1.827, -0.349)","(0.002, -0.202, 0.017, 0.979)",71.38778,U201616,Statua_10
1629469463451,"(0.141, 1.827, -0.349)","(0.008, -0.202, 0.017, 0.979)",70.2637,U201616,Statua_10
1629469463464,"(0.142, 1.826, -0.349)","(0.011, -0.203, 0.016, 0.979)",74.1031647,U201616,Statua_10
1629469463478,"(0.143, 1.826, -0.349)","(0.013, -0.202, 0.017, 0.979)",71.0424042,U201616,Statua_10
1629469463492,"(0.144, 1.826, -0.349)","(0.015, -0.202, 0.018, 0.979)",70.9672852,U201616,Statua_10
1629469463506,"(0.144, 1.826, -0.349)","(0.016, -0.203, 0.020, 0.979)",72.41864,U201616,Statua_10
1629469463520,"(0.145, 1.826, -0.349)","(0.014, -0.205, 0.020, 0.978)",70.56267,U201616,Statua_10
1629469463534,"(0.145, 1.827, -0.349)","(0.012, -0.209, 0.019, 0.978)",72.05493,U201616,Statua_10
1629469463548,"(0.145, 1.827, -0.349)","(0.011, -0.213, 0.019, 0.977)",71.91761,U201616,Statua_10
1629469463562,"(0.146, 1.828, -0.349)","(0.008, -0.218, 0.020, 0.976)",72.737854,U201616,Statua_10
1629469463576,"(0.147, 1.828, -0.349)","(0.006, -0.220, 0.020, 0.975)",71.54611,U201616,Statua_10
1629469463590,"(0.148, 1.828, -0.349)","(0.004, -0.222, 0.021, 0.975)",71.7633,U201616,Statua_10
1629469463604,"(0.149, 1.828, -0.349)","(0.000, -0.223, 0.022, 0.975)",72.72886,U201616,Statua_10
1629469463618,"(0.150, 1.828, -0.349)","(-0.001, -0.224, 0.022, 0.974)",71.41276,U201616,Statua_10
1629469463632,"(0.151, 1.828, -0.349)","(-0.001, -0.226, 0.022, 0.974)",71.61733,U201616,Statua_10
1629469463645,"(0.152, 1.828, -0.348)","(-0.001, -0.227, 0.022, 0.974)",73.2219849,U201616,Statua_10
1629469463659,"(0.153, 1.828, -0.348)","(-0.002, -0.227, 0.021, 0.974)",70.99449,U201616,Statua_10
1629469463673,"(0.153, 1.829, -0.348)","(-0.005, -0.227, 0.023, 0.974)",71.41633,U201616,Statua_10
1629469463687,"(0.154, 1.828, -0.347)","(-0.006, -0.228, 0.024, 0.973)",72.63747,U201616,Statua_10
1629469463701,"(0.155, 1.828, -0.347)","(-0.006, -0.228, 0.023, 0.973)",70.446846,U201616,Statua_10
1629469463715,"(0.156, 1.828, -0.347)","(-0.006, -0.227, 0.022, 0.974)",72.34163,U201616,Statua_10
1629469463729,"(0.157, 1.827, -0.346)","(-0.003, -0.227, 0.021, 0.974)",71.87522,U201616,Statua_10
1629469463743,"(0.158, 1.827, -0.346)","(-0.001, -0.227, 0.021, 0.974)",73.37834,U201616,Statua_10
1629469463757,"(0.159, 1.827, -0.345)","(0.002, -0.227, 0.020, 0.974)",70.6888657,U201616,Statua_10
1629469463771,"(0.159, 1.827, -0.345)","(0.004, -0.227, 0.019, 0.974)",69.41119,U201616,Statua_10
1629469463785,"(0.160, 1.827, -0.345)","(0.006, -0.228, 0.019, 0.973)",75.07,U201616,Statua_10
1629469463799,"(0.161, 1.827, -0.344)","(0.005, -0.230, 0.019, 0.973)",70.13606,U201616,Statua_10
1629469463813,"(0.161, 1.828, -0.344)","(0.003, -0.232, 0.020, 0.972)",72.78073,U201616,Statua_10
1629469463826,"(0.162, 1.828, -0.344)","(0.002, -0.234, 0.021, 0.972)",73.13256,U201616,Statua_10
1629469463840,"(0.163, 1.828, -0.344)","(0.000, -0.236, 0.021, 0.972)",70.91595,U201616,Statua_10
1629469463854,"(0.164, 1.828, -0.343)","(-0.002, -0.237, 0.021, 0.971)",71.870575,U201616,Statua_10
1629469463868,"(0.165, 1.828, -0.343)","(-0.004, -0.239, 0.021, 0.971)",71.35874,U201616,Statua_10
1629469463882,"(0.165, 1.829, -0.343)","(-0.006, -0.241, 0.021, 0.970)",73.28531,U201616,Statua_10
1629469463896,"(0.166, 1.829, -0.343)","(-0.008, -0.242, 0.021, 0.970)",70.50645,U201616,Statua_10
1629469463910,"(0.167, 1.830, -0.343)","(-0.010, -0.243, 0.021, 0.970)",71.77051,U201616,Statua_10
1629469463924,"(0.168, 1.830, -0.343)","(-0.013, -0.244, 0.021, 0.969)",73.53158,U201616,Statua_10
1629469463938,"(0.169, 1.831, -0.343)","(-0.015, -0.245, 0.020, 0.969)",70.49949,U201616,Statua_10
1629469463952,"(0.169, 1.831, -0.343)","(-0.018, -0.246, 0.019, 0.969)",71.6317,U201616,Statua_10
1629469463965,"(0.170, 1.831, -0.342)","(-0.020, -0.246, 0.017, 0.969)",73.01082,U201616,Statua_10
1629469463980,"(0.171, 1.832, -0.342)","(-0.022, -0.247, 0.015, 0.969)",70.79646,U201616,Statua_10
1629469463994,"(0.171, 1.832, -0.342)","(-0.024, -0.248, 0.014, 0.968)",71.81071,U201616,Statua_10
1629469464007,"(0.172, 1.832, -0.342)","(-0.027, -0.250, 0.014, 0.968)",72.91712,U201616,Statua_10
1629469464021,"(0.172, 1.833, -0.341)","(-0.030, -0.251, 0.013, 0.967)",70.2962952,U201616,Statua_10
1629469464035,"(0.173, 1.833, -0.341)","(-0.034, -0.252, 0.012, 0.967)",72.7219849,U201616,Statua_10
1629469464049,"(0.173, 1.833, -0.341)","(-0.037, -0.253, 0.012, 0.967)",71.0540161,U201616,Statua_10
1629469464063,"(0.174, 1.834, -0.341)","(-0.039, -0.255, 0.011, 0.966)",73.79638,U201616,Statua_10
1629469464077,"(0.174, 1.834, -0.341)","(-0.041, -0.257, 0.011, 0.965)",70.66438,U201616,Statua_10
1629469464091,"(0.174, 1.834, -0.341)","(-0.044, -0.259, 0.011, 0.965)",71.17336,U201616,Statua_10
1629469464105,"(0.175, 1.834, -0.340)","(-0.046, -0.261, 0.011, 0.964)",73.552124,U201616,Statua_10
1629469464119,"(0.175, 1.835, -0.340)","(-0.050, -0.263, 0.010, 0.963)",70.92601,U201616,Statua_10
1629469464133,"(0.175, 1.835, -0.340)","(-0.052, -0.265, 0.009, 0.963)",71.77051,U201616,Statua_10
1629469464146,"(0.176, 1.836, -0.341)","(-0.056, -0.266, 0.009, 0.962)",72.95702,U201616,Statua_10
1629469464161,"(0.176, 1.836, -0.341)","(-0.059, -0.267, 0.008, 0.962)",70.7744141,U201616,Statua_10
1629469464176,"(0.177, 1.836, -0.341)","(-0.061, -0.267, 0.006, 0.962)",66.1734543,U201616,Statua_10
1629469464189,"(0.177, 1.836, -0.341)","(-0.063, -0.267, 0.005, 0.962)",76.18642,U201616,Statua_10
1629469464202,"(0.177, 1.836, -0.342)","(-0.064, -0.268, 0.004, 0.961)",74.41639,U201616,Statua_10
1629469464216,"(0.178, 1.836, -0.342)","(-0.065, -0.267, 0.003, 0.961)",71.2606,U201616,Statua_10
1629469464230,"(0.178, 1.837, -0.343)","(-0.065, -0.267, 0.003, 0.961)",71.41378,U201616,Statua_10
1629469464244,"(0.178, 1.837, -0.343)","(-0.066, -0.266, 0.002, 0.962)",73.52671,U201616,Statua_10
1629469464258,"(0.179, 1.837, -0.344)","(-0.067, -0.266, 0.002, 0.962)",69.4540939,U201616,Statua_10
1629469464272,"(0.179, 1.837, -0.345)","(-0.068, -0.266, 0.002, 0.962)",71.86386,U201616,Statua_10
1629469464286,"(0.179, 1.838, -0.345)","(-0.069, -0.266, 0.001, 0.962)",74.19663,U201616,Statua_10
1629469464300,"(0.179, 1.838, -0.346)","(-0.069, -0.266, 0.000, 0.962)",70.12918,U201616,Statua_10
1629469464314,"(0.179, 1.840, -0.347)","(-0.066, -0.265, 0.001, 0.962)",72.08662,U201616,Statua_10
1629469464328,"(0.180, 1.840, -0.348)","(-0.070, -0.265, 0.001, 0.962)",71.7633,U201616,Statua_10
1629469464341,"(0.180, 1.840, -0.348)","(-0.073, -0.265, 0.001, 0.962)",73.27296,U201616,Statua_10
1629469464355,"(0.180, 1.840, -0.349)","(-0.072, -0.264, -0.001, 0.962)",71.22456,U201616,Statua_10
1629469464369,"(0.180, 1.841, -0.350)","(-0.072, -0.263, -0.001, 0.962)",71.2397842,U201616,Statua_10
1629469464383,"(0.180, 1.841, -0.350)","(-0.074, -0.263, -0.001, 0.962)",73.51103,U201616,Statua_10
1629469464397,"(0.180, 1.842, -0.351)","(-0.076, -0.263, -0.001, 0.962)",70.75588,U201616,Statua_10
1629469464411,"(0.180, 1.842, -0.352)","(-0.077, -0.263, -0.001, 0.962)",70.89584,U201616,Statua_10
1629469464425,"(0.181, 1.842, -0.352)","(-0.079, -0.263, -0.001, 0.962)",73.78985,U201616,Statua_10
1629469464439,"(0.181, 1.842, -0.353)","(-0.081, -0.263, 0.000, 0.961)",70.59505,U201616,Statua_10
1629469464453,"(0.181, 1.843, -0.353)","(-0.082, -0.264, 0.000, 0.961)",71.85715,U201616,Statua_10
1629469464467,"(0.181, 1.843, -0.354)","(-0.084, -0.264, 0.000, 0.961)",73.30679,U201616,Statua_10
1629469464481,"(0.181, 1.843, -0.354)","(-0.085, -0.265, 0.001, 0.961)",70.29234,U201616,Statua_10
1629469464495,"(0.181, 1.843, -0.354)","(-0.086, -0.265, 0.001, 0.960)",71.144,U201616,Statua_10
1629469464509,"(0.182, 1.843, -0.355)","(-0.087, -0.266, 0.001, 0.960)",72.35104,U201616,Statua_10
1629469464522,"(0.182, 1.843, -0.355)","(-0.087, -0.267, 0.001, 0.960)",73.22628,U201616,Statua_10
1629469464536,"(0.182, 1.843, -0.355)","(-0.088, -0.268, 0.001, 0.959)",70.93708,U201616,Statua_10
1629469464551,"(0.183, 1.843, -0.355)","(-0.088, -0.269, 0.001, 0.959)",70.7659,U201616,Statua_10
1629469464564,"(0.183, 1.843, -0.355)","(-0.088, -0.270, 0.000, 0.959)",74.25669,U201616,Statua_10
1629469464578,"(0.184, 1.843, -0.355)","(-0.087, -0.270, -0.001, 0.959)",70.32596,U201616,Statua_10
1629469464592,"(0.184, 1.843, -0.356)","(-0.087, -0.271, -0.002, 0.959)",71.5497,U201616,Statua_10
1629469464606,"(0.184, 1.843, -0.356)","(-0.086, -0.272, -0.003, 0.959)",73.3105545,U201616,Statua_10
1629469464620,"(0.185, 1.843, -0.355)","(-0.086, -0.272, -0.003, 0.958)",70.4027,U201616,Statua_10
1629469464634,"(0.185, 1.843, -0.355)","(-0.085, -0.273, -0.004, 0.958)",71.55072,U201616,Statua_10
1629469464648,"(0.186, 1.843, -0.355)","(-0.085, -0.273, -0.004, 0.958)",71.79575,U201616,Statua_10
1629469464662,"(0.186, 1.843, -0.354)","(-0.085, -0.273, -0.005, 0.958)",72.8778,U201616,Statua_10
1629469464676,"(0.186, 1.843, -0.354)","(-0.085, -0.274, -0.006, 0.958)",71.7349854,U201616,Statua_10
1629469464690,"(0.187, 1.843, -0.354)","(-0.084, -0.274, -0.006, 0.958)",71.32311,U201616,Statua_10
1629469464703,"(0.187, 1.843, -0.354)","(-0.084, -0.275, -0.007, 0.958)",73.85633,U201616,Statua_10
1629469464717,"(0.188, 1.843, -0.354)","(-0.084, -0.276, -0.007, 0.957)",70.71486,U201616,Statua_10
1629469464731,"(0.188, 1.843, -0.353)","(-0.084, -0.276, -0.007, 0.957)",71.2184753,U201616,Statua_10
1629469464745,"(0.189, 1.843, -0.353)","(-0.084, -0.277, -0.008, 0.957)",72.48005,U201616,Statua_10
1629469464759,"(0.189, 1.843, -0.353)","(-0.084, -0.278, -0.008, 0.957)",71.32261,U201616,Statua_10
1629469464773,"(0.190, 1.843, -0.352)","(-0.084, -0.278, -0.009, 0.957)",71.47452,U201616,Statua_10
1629469464787,"(0.191, 1.843, -0.352)","(-0.084, -0.279, -0.009, 0.957)",73.6274,U201616,Statua_10
1629469464801,"(0.192, 1.842, -0.351)","(-0.083, -0.279, -0.010, 0.956)",70.58109,U201616,Statua_10
1629469464815,"(0.192, 1.842, -0.351)","(-0.083, -0.280, -0.010, 0.956)",71.86231,U201616,Statua_10
1629469464829,"(0.193, 1.842, -0.350)","(-0.082, -0.281, -0.011, 0.956)",70.67038,U201616,Statua_10
1629469464843,"(0.194, 1.842, -0.350)","(-0.082, -0.281, -0.012, 0.956)",74.16857,U201616,Statua_10
1629469464857,"(0.195, 1.842, -0.350)","(-0.081, -0.282, -0.012, 0.956)",70.9224854,U201616,Statua_10
1629469464871,"(0.195, 1.842, -0.349)","(-0.081, -0.282, -0.013, 0.956)",71.29413,U201616,Statua_10
1629469464884,"(0.196, 1.842, -0.348)","(-0.081, -0.282, -0.014, 0.956)",73.34497,U201616,Statua_10
1629469464898,"(0.197, 1.842, -0.348)","(-0.080, -0.283, -0.014, 0.956)",71.05149,U201616,Statua_10
1629469464912,"(0.198, 1.842, -0.347)","(-0.080, -0.283, -0.015, 0.956)",71.58145,U201616,Statua_10
1629469464926,"(0.198, 1.842, -0.347)","(-0.079, -0.284, -0.015, 0.955)",72.9793854,U201616,Statua_10
1629469464940,"(0.199, 1.842, -0.346)","(-0.079, -0.284, -0.016, 0.955)",71.21949,U201616,Statua_10
1629469464954,"(0.200, 1.842, -0.346)","(-0.078, -0.285, -0.017, 0.955)",71.77308,U201616,Statua_10
1629469464968,"(0.201, 1.841, -0.345)","(-0.078, -0.285, -0.017, 0.955)",71.21138,U201616,Statua_10
1629469464982,"(0.202, 1.841, -0.345)","(-0.078, -0.286, -0.018, 0.955)",73.14326,U201616,Statua_10
1629469464996,"(0.203, 1.841, -0.344)","(-0.078, -0.286, -0.019, 0.955)",71.46839,U201616,Statua_10
1629469465010,"(0.204, 1.841, -0.344)","(-0.078, -0.286, -0.019, 0.955)",70.83558,U201616,Statua_10
1629469465023,"(0.205, 1.841, -0.343)","(-0.078, -0.287, -0.020, 0.955)",73.90929,U201616,Statua_10
1629469465038,"(0.206, 1.841, -0.342)","(-0.078, -0.287, -0.020, 0.955)",70.38288,U201616,Statua_10
1629469465052,"(0.207, 1.841, -0.342)","(-0.077, -0.287, -0.021, 0.955)",70.91344,U201616,Statua_10
1629469465066,"(0.207, 1.841, -0.341)","(-0.077, -0.287, -0.021, 0.955)",71.51541,U201616,Statua_10
1629469465080,"(0.208, 1.840, -0.341)","(-0.077, -0.287, -0.022, 0.955)",71.93623,U201616,Statua_10
1629469465094,"(0.209, 1.840, -0.340)","(-0.076, -0.288, -0.023, 0.954)",72.21051,U201616,Statua_10
1629469465107,"(0.210, 1.840, -0.339)","(-0.076, -0.288, -0.023, 0.954)",72.9948349,U201616,Statua_10
1629469465121,"(0.211, 1.840, -0.339)","(-0.076, -0.289, -0.023, 0.954)",70.57761,U201616,Statua_10
1629469465135,"(0.212, 1.840, -0.338)","(-0.076, -0.289, -0.024, 0.954)",71.9346848,U201616,Statua_10
1629469465149,"(0.213, 1.839, -0.337)","(-0.076, -0.290, -0.024, 0.954)",71.2377548,U201616,Statua_10
1629469465163,"(0.214, 1.839, -0.336)","(-0.076, -0.290, -0.025, 0.954)",73.78876,U201616,Statua_10
1629469465177,"(0.215, 1.839, -0.336)","(-0.075, -0.291, -0.025, 0.953)",70.34525,U201616,Statua_10
1629469465191,"(0.216, 1.839, -0.335)","(-0.074, -0.292, -0.026, 0.953)",71.6738,U201616,Statua_10
1629469465205,"(0.217, 1.839, -0.334)","(-0.074, -0.293, -0.027, 0.953)",73.0988846,U201616,Statua_10
1629469465219,"(0.218, 1.839, -0.333)","(-0.073, -0.294, -0.028, 0.953)",68.4772,U201616,Statua_10
1629469465233,"(0.219, 1.838, -0.332)","(-0.072, -0.294, -0.029, 0.953)",74.29917,U201616,Statua_10
1629469465247,"(0.219, 1.838, -0.331)","(-0.071, -0.295, -0.030, 0.952)",71.34347,U201616,Statua_10
1629469465261,"(0.220, 1.838, -0.330)","(-0.070, -0.296, -0.031, 0.952)",71.41072,U201616,Statua_10
1629469465274,"(0.221, 1.838, -0.329)","(-0.070, -0.296, -0.031, 0.952)",73.77025,U201616,Statua_10
1629469465289,"(0.222, 1.838, -0.328)","(-0.069, -0.297, -0.032, 0.952)",69.65098,U201616,Statua_10
1629469465302,"(0.222, 1.838, -0.327)","(-0.069, -0.298, -0.032, 0.951)",74.80047,U201616,Statua_10
1629469465316,"(0.223, 1.838, -0.326)","(-0.068, -0.300, -0.033, 0.951)",71.15817,U201616,Statua_10
1629469465330,"(0.224, 1.838, -0.325)","(-0.068, -0.301, -0.033, 0.951)",70.8873,U201616,Statua_10
1629469465344,"(0.225, 1.838, -0.324)","(-0.068, -0.302, -0.033, 0.950)",73.77243,U201616,Statua_10
1629469465358,"(0.225, 1.838, -0.323)","(-0.067, -0.303, -0.034, 0.950)",70.31063,U201616,Statua_10
1629469465372,"(0.226, 1.838, -0.322)","(-0.067, -0.305, -0.034, 0.950)",71.77875,U201616,Statua_10
1629469465386,"(0.226, 1.838, -0.321)","(-0.066, -0.306, -0.034, 0.949)",73.74305,U201616,Statua_10
1629469465400,"(0.227, 1.838, -0.319)","(-0.066, -0.308, -0.035, 0.949)",68.86436,U201616,Statua_10
1629469465414,"(0.227, 1.838, -0.318)","(-0.066, -0.309, -0.036, 0.948)",73.43977,U201616,Statua_10
1629469465428,"(0.228, 1.838, -0.317)","(-0.067, -0.311, -0.037, 0.947)",71.73344,U201616,Statua_10
1629469465441,"(0.228, 1.838, -0.315)","(-0.067, -0.312, -0.037, 0.947)",72.97246,U201616,Statua_10
1629469465455,"(0.228, 1.837, -0.314)","(-0.067, -0.314, -0.038, 0.946)",71.04695,U201616,Statua_10
1629469465469,"(0.229, 1.837, -0.312)","(-0.066, -0.316, -0.039, 0.946)",71.3770752,U201616,Statua_10
1629469465483,"(0.229, 1.837, -0.310)","(-0.065, -0.317, -0.040, 0.945)",73.48241,U201616,Statua_10
1629469465497,"(0.229, 1.837, -0.308)","(-0.064, -0.319, -0.041, 0.945)",70.6688843,U201616,Statua_10
1629469465511,"(0.229, 1.837, -0.307)","(-0.062, -0.320, -0.042, 0.944)",71.48831,U201616,Statua_10
1629469465525,"(0.230, 1.837, -0.305)","(-0.061, -0.321, -0.042, 0.944)",72.93787,U201616,Statua_10
1629469465539,"(0.230, 1.836, -0.303)","(-0.059, -0.323, -0.043, 0.944)",71.5087662,U201616,Statua_10
1629469465553,"(0.230, 1.836, -0.301)","(-0.057, -0.324, -0.044, 0.943)",71.48372,U201616,Statua_10
1629469465567,"(0.230, 1.836, -0.299)","(-0.055, -0.326, -0.045, 0.943)",71.5057,U201616,Statua_10
1629469465581,"(0.229, 1.836, -0.297)","(-0.054, -0.327, -0.046, 0.942)",72.34529,U201616,Statua_10
1629469465595,"(0.229, 1.835, -0.294)","(-0.052, -0.329, -0.047, 0.942)",71.3338,U201616,Statua_10
1629469465609,"(0.229, 1.835, -0.292)","(-0.050, -0.331, -0.048, 0.941)",71.91192,U201616,Statua_10
1629469465622,"(0.229, 1.835, -0.290)","(-0.049, -0.332, -0.049, 0.941)",72.95969,U201616,Statua_10
1629469465636,"(0.228, 1.835, -0.287)","(-0.048, -0.334, -0.050, 0.940)",71.40511,U201616,Statua_10
1629469465651,"(0.228, 1.834, -0.285)","(-0.047, -0.335, -0.050, 0.940)",70.69286,U201616,Statua_10
1629469465664,"(0.227, 1.834, -0.282)","(-0.046, -0.336, -0.051, 0.939)",74.00391,U201616,Statua_10
1629469465678,"(0.226, 1.834, -0.279)","(-0.045, -0.338, -0.052, 0.939)",69.84118,U201616,Statua_10
1629469465692,"(0.226, 1.834, -0.277)","(-0.044, -0.339, -0.053, 0.938)",72.17194,U201616,Statua_10
1629469465706,"(0.225, 1.833, -0.274)","(-0.043, -0.341, -0.054, 0.938)",73.729454,U201616,Statua_10
1629469465720,"(0.224, 1.833, -0.271)","(-0.043, -0.342, -0.055, 0.937)",70.32992,U201616,Statua_10
1629469465734,"(0.223, 1.833, -0.268)","(-0.042, -0.344, -0.056, 0.936)",71.5578842,U201616,Statua_10
1629469465748,"(0.222, 1.833, -0.265)","(-0.041, -0.346, -0.057, 0.936)",72.5063248,U201616,Statua_10
1629469465762,"(0.221, 1.832, -0.262)","(-0.040, -0.349, -0.057, 0.935)",71.6034851,U201616,Statua_10
1629469465776,"(0.220, 1.832, -0.260)","(-0.039, -0.351, -0.058, 0.934)",71.80246,U201616,Statua_10
1629469465790,"(0.219, 1.832, -0.257)","(-0.038, -0.353, -0.058, 0.933)",71.3159943,U201616,Statua_10
1629469465803,"(0.218, 1.831, -0.254)","(-0.037, -0.356, -0.059, 0.932)",73.34174,U201616,Statua_10
1629469465817,"(0.217, 1.831, -0.251)","(-0.036, -0.358, -0.059, 0.931)",70.9199753,U201616,Statua_10
1629469465831,"(0.216, 1.830, -0.248)","(-0.035, -0.360, -0.060, 0.930)",71.3083649,U201616,Statua_10
1629469465845,"(0.215, 1.830, -0.245)","(-0.034, -0.363, -0.060, 0.929)",73.4112,U201616,Statua_10
1629469465859,"(0.214, 1.830, -0.242)","(-0.034, -0.365, -0.060, 0.928)",70.43692,U201616,Statua_10
1629469465873,"(0.213, 1.829, -0.240)","(-0.034, -0.368, -0.060, 0.927)",71.193634,U201616,Statua_10
1629469465887,"(0.212, 1.829, -0.237)","(-0.034, -0.370, -0.060, 0.926)",73.70066,U201616,Statua_10
1629469465901,"(0.211, 1.828, -0.234)","(-0.033, -0.372, -0.061, 0.925)",70.79044,U201616,Statua_10
1629469465915,"(0.210, 1.828, -0.231)","(-0.033, -0.375, -0.061, 0.925)",72.31233,U201616,Statua_10
1629469465929,"(0.209, 1.827, -0.229)","(-0.033, -0.377, -0.061, 0.924)",70.9934845,U201616,Statua_10
1629469465943,"(0.209, 1.827, -0.226)","(-0.033, -0.379, -0.062, 0.923)",73.56078,U201616,Statua_10
1629469465957,"(0.208, 1.826, -0.223)","(-0.033, -0.381, -0.062, 0.922)",71.00507,U201616,Statua_10
1629469465971,"(0.207, 1.825, -0.221)","(-0.034, -0.383, -0.063, 0.921)",70.62446,U201616,Statua_10
1629469465984,"(0.207, 1.825, -0.218)","(-0.035, -0.384, -0.063, 0.920)",74.35608,U201616,Statua_10
1629469465999,"(0.206, 1.824, -0.215)","(-0.035, -0.386, -0.063, 0.920)",69.83289,U201616,Statua_10
1629469466012,"(0.205, 1.824, -0.213)","(-0.036, -0.388, -0.063, 0.919)",72.1334152,U201616,Statua_10
1629469466026,"(0.205, 1.824, -0.210)","(-0.038, -0.390, -0.063, 0.918)",73.33529,U201616,Statua_10
1629469466040,"(0.204, 1.823, -0.208)","(-0.040, -0.392, -0.063, 0.917)",70.57313,U201616,Statua_10
1629469466054,"(0.204, 1.823, -0.205)","(-0.041, -0.394, -0.062, 0.916)",71.53741,U201616,Statua_10
1629469466068,"(0.203, 1.824, -0.202)","(-0.039, -0.398, -0.060, 0.915)",72.21468,U201616,Statua_10
1629469466082,"(0.203, 1.825, -0.200)","(-0.042, -0.401, -0.059, 0.913)",73.1502151,U201616,Statua_10
1629469466096,"(0.203, 1.825, -0.197)","(-0.046, -0.404, -0.059, 0.912)",69.0393143,U201616,Statua_10
1629469466110,"(0.203, 1.824, -0.194)","(-0.046, -0.407, -0.059, 0.910)",72.90915,U201616,Statua_10
1629469466124,"(0.203, 1.824, -0.190)","(-0.047, -0.410, -0.060, 0.909)",72.9958954,U201616,Statua_10
1629469466138,"(0.203, 1.824, -0.187)","(-0.047, -0.413, -0.060, 0.908)",70.61399,U201616,Statua_10
1629469466152,"(0.202, 1.824, -0.184)","(-0.047, -0.415, -0.060, 0.907)",70.57213,U201616,Statua_10
1629469466166,"(0.202, 1.825, -0.181)","(-0.046, -0.418, -0.059, 0.906)",73.60247,U201616,Statua_10
1629469466180,"(0.203, 1.825, -0.178)","(-0.043, -0.420, -0.059, 0.905)",71.78081,U201616,Statua_10
1629469466193,"(0.203, 1.826, -0.175)","(-0.041, -0.422, -0.059, 0.904)",72.05182,U201616,Statua_10
1629469466207,"(0.203, 1.826, -0.171)","(-0.039, -0.424, -0.059, 0.903)",72.93254,U201616,Statua_10
1629469466221,"(0.204, 1.826, -0.168)","(-0.038, -0.425, -0.060, 0.902)",70.53281,U201616,Statua_10
1629469466235,"(0.204, 1.827, -0.165)","(-0.036, -0.427, -0.061, 0.902)",72.4674454,U201616,Statua_10
1629469466249,"(0.205, 1.827, -0.162)","(-0.035, -0.428, -0.063, 0.901)",70.90338,U201616,Statua_10
1629469466263,"(0.205, 1.827, -0.159)","(-0.036, -0.430, -0.064, 0.900)",73.31002,U201616,Statua_10
1629469466277,"(0.205, 1.827, -0.155)","(-0.036, -0.432, -0.066, 0.899)",69.9888,U201616,Statua_10
1629469466291,"(0.206, 1.827, -0.152)","(-0.037, -0.434, -0.068, 0.898)",72.8698349,U201616,Statua_10
1629469466305,"(0.206, 1.827, -0.149)","(-0.037, -0.436, -0.069, 0.897)",72.78073,U201616,Statua_10
1629469466319,"(0.207, 1.827, -0.145)","(-0.037, -0.438, -0.070, 0.895)",69.63061,U201616,Statua_10
1629469466333,"(0.207, 1.828, -0.141)","(-0.037, -0.441, -0.069, 0.894)",73.26383,U201616,Statua_10
1629469466346,"(0.208, 1.828, -0.138)","(-0.038, -0.444, -0.069, 0.892)",73.00336,U201616,Statua_10
1629469466361,"(0.208, 1.828, -0.134)","(-0.037, -0.448, -0.069, 0.891)",70.35862,U201616,Statua_10
1629469466374,"(0.209, 1.828, -0.130)","(-0.035, -0.452, -0.069, 0.889)",71.7906,U201616,Statua_10
1629469466388,"(0.209, 1.828, -0.126)","(-0.033, -0.456, -0.069, 0.886)",71.56864,U201616,Statua_10
1629469466402,"(0.210, 1.829, -0.123)","(-0.030, -0.461, -0.070, 0.884)",73.77733,U201616,Statua_10
1629469466416,"(0.210, 1.829, -0.119)","(-0.028, -0.465, -0.070, 0.882)",69.74863,U201616,Statua_10
1629469466430,"(0.211, 1.830, -0.115)","(-0.027, -0.470, -0.070, 0.880)",72.73362,U201616,Statua_10
1629469466444,"(0.211, 1.830, -0.111)","(-0.025, -0.474, -0.071, 0.877)",73.40473,U201616,Statua_10
1629469466458,"(0.212, 1.830, -0.107)","(-0.023, -0.479, -0.072, 0.875)",70.72136,U201616,Statua_10
1629469466472,"(0.212, 1.831, -0.104)","(-0.020, -0.483, -0.073, 0.872)",71.49138,U201616,Statua_10
1629469466486,"(0.213, 1.832, -0.100)","(-0.019, -0.488, -0.073, 0.869)",72.94052,U201616,Statua_10
1629469466500,"(0.213, 1.832, -0.096)","(-0.018, -0.493, -0.074, 0.867)",71.37249,U201616,Statua_10
1629469466513,"(0.214, 1.832, -0.092)","(-0.018, -0.498, -0.074, 0.864)",71.87419,U201616,Statua_10
1629469466527,"(0.214, 1.832, -0.088)","(-0.018, -0.503, -0.075, 0.861)",72.24807,U201616,Statua_10
1629469466541,"(0.214, 1.832, -0.085)","(-0.017, -0.509, -0.075, 0.858)",71.47912,U201616,Statua_10
1629469466555,"(0.215, 1.832, -0.081)","(-0.018, -0.514, -0.074, 0.854)",70.99802,U201616,Statua_10
1629469466569,"(0.215, 1.832, -0.077)","(-0.018, -0.520, -0.074, 0.851)",72.1105347,U201616,Statua_10
1629469466583,"(0.216, 1.831, -0.073)","(-0.017, -0.526, -0.073, 0.847)",71.87264,U201616,Statua_10
1629469466597,"(0.216, 1.831, -0.070)","(-0.016, -0.533, -0.073, 0.843)",71.69384,U201616,Statua_10
1629469466611,"(0.217, 1.831, -0.066)","(-0.016, -0.539, -0.073, 0.839)",70.66538,U201616,Statua_10
1629469466625,"(0.218, 1.831, -0.062)","(-0.017, -0.546, -0.073, 0.834)",74.0823059,U201616,Statua_10
1629469466639,"(0.218, 1.831, -0.058)","(-0.016, -0.553, -0.074, 0.830)",70.75038,U201616,Statua_10
1629469466653,"(0.219, 1.831, -0.054)","(-0.015, -0.560, -0.074, 0.825)",71.97403,U201616,Statua_10
1629469466666,"(0.220, 1.831, -0.051)","(-0.013, -0.568, -0.075, 0.820)",73.62144,U201616,Statua_10
1629469466681,"(0.221, 1.832, -0.047)","(-0.011, -0.575, -0.075, 0.815)",70.79496,U201616,Statua_10
1629469466695,"(0.221, 1.832, -0.043)","(-0.008, -0.583, -0.075, 0.809)",71.497,U201616,Statua_10
1629469466709,"(0.223, 1.834, -0.039)","(-0.005, -0.591, -0.074, 0.803)",71.48474,U201616,Statua_10
1629469466722,"(0.224, 1.835, -0.035)","(-0.003, -0.598, -0.074, 0.798)",73.07912,U201616,Statua_10
1629469466736,"(0.225, 1.835, -0.031)","(-0.003, -0.605, -0.075, 0.792)",71.21797,U201616,Statua_10
1629469466750,"(0.226, 1.835, -0.028)","(-0.002, -0.612, -0.077, 0.787)",71.7030945,U201616,Statua_10
1629469466764,"(0.227, 1.836, -0.024)","(-0.001, -0.618, -0.080, 0.782)",72.80352,U201616,Statua_10
1629469466778,"(0.228, 1.837, -0.020)","(0.000, -0.624, -0.083, 0.777)",71.00609,U201616,Statua_10
1629469466792,"(0.229, 1.838, -0.017)","(0.000, -0.629, -0.085, 0.773)",71.25908,U201616,Statua_10
1629469466806,"(0.230, 1.838, -0.014)","(0.001, -0.634, -0.087, 0.768)",72.9804459,U201616,Statua_10
1629469466820,"(0.231, 1.838, -0.010)","(0.002, -0.639, -0.088, 0.764)",70.98139,U201616,Statua_10
1629469466834,"(0.232, 1.838, -0.007)","(0.002, -0.644, -0.089, 0.760)",72.47532,U201616,Statua_10
1629469466848,"(0.234, 1.838, -0.004)","(0.003, -0.648, -0.090, 0.756)",69.2247543,U201616,Statua_10
1629469466862,"(0.235, 1.837, -0.001)","(0.003, -0.653, -0.091, 0.752)",74.1405258,U201616,Statua_10
1629469466876,"(0.236, 1.837, 0.002)","(0.004, -0.657, -0.090, 0.749)",71.71338,U201616,Statua_10
1629469466890,"(0.237, 1.837, 0.005)","(0.005, -0.661, -0.090, 0.745)",71.46022,U201616,Statua_10
1629469466904,"(0.238, 1.837, 0.007)","(0.006, -0.665, -0.088, 0.741)",71.64658,U201616,Statua_10
1629469466918,"(0.239, 1.837, 0.010)","(0.006, -0.670, -0.088, 0.738)",70.66438,U201616,Statua_10
1629469466932,"(0.240, 1.836, 0.012)","(0.007, -0.674, -0.087, 0.734)",71.56249,U201616,Statua_10
1629469466945,"(0.241, 1.836, 0.015)","(0.008, -0.678, -0.087, 0.730)",75.52414,U201616,Statua_10
1629469466959,"(0.242, 1.836, 0.017)","(0.008, -0.682, -0.087, 0.726)",70.2750549,U201616,Statua_10
1629469466973,"(0.242, 1.836, 0.019)","(0.008, -0.686, -0.088, 0.722)",71.77515,U201616,Statua_10
1629469466987,"(0.243, 1.836, 0.021)","(0.007, -0.689, -0.089, 0.719)",72.78815,U201616,Statua_10
1629469467001,"(0.244, 1.835, 0.023)","(0.007, -0.693, -0.090, 0.716)",70.47663,U201616,Statua_10
1629469467015,"(0.244, 1.835, 0.024)","(0.007, -0.696, -0.090, 0.712)",72.3620453,U201616,Statua_10
1629469467029,"(0.245, 1.834, 0.026)","(0.009, -0.700, -0.090, 0.708)",71.89641,U201616,Statua_10
1629469467043,"(0.245, 1.834, 0.028)","(0.010, -0.704, -0.090, 0.705)",71.88711,U201616,Statua_10
1629469467057,"(0.246, 1.833, 0.029)","(0.011, -0.708, -0.089, 0.701)",70.68736,U201616,Statua_10
1629469467070,"(0.246, 1.833, 0.031)","(0.012, -0.711, -0.088, 0.697)",72.93946,U201616,Statua_10
1629469467084,"(0.246, 1.832, 0.033)","(0.013, -0.715, -0.086, 0.694)",72.49844,U201616,Statua_10
1629469467098,"(0.246, 1.831, 0.034)","(0.014, -0.718, -0.085, 0.690)",70.69236,U201616,Statua_10
1629469467113,"(0.246, 1.830, 0.036)","(0.016, -0.722, -0.084, 0.687)",70.77241,U201616,Statua_10
1629469467126,"(0.246, 1.830, 0.037)","(0.018, -0.725, -0.083, 0.684)",72.33325,U201616,Statua_10
1629469467140,"(0.246, 1.829, 0.039)","(0.019, -0.727, -0.083, 0.681)",72.3698959,U201616,Statua_10
1629469467154,"(0.246, 1.828, 0.040)","(0.021, -0.730, -0.082, 0.678)",72.28254,U201616,Statua_10
1629469467168,"(0.246, 1.827, 0.041)","(0.022, -0.733, -0.082, 0.675)",71.8143158,U201616,Statua_10
1629469467181,"(0.246, 1.827, 0.042)","(0.024, -0.735, -0.081, 0.673)",74.07846,U201616,Statua_10
1629469467196,"(0.246, 1.826, 0.043)","(0.026, -0.737, -0.081, 0.670)",70.22225,U201616,Statua_10
1629469467210,"(0.247, 1.826, 0.044)","(0.028, -0.739, -0.080, 0.668)",71.0600739,U201616,Statua_10
1629469467223,"(0.247, 1.826, 0.045)","(0.029, -0.741, -0.079, 0.666)",73.46351,U201616,Statua_10
1629469467238,"(0.247, 1.826, 0.046)","(0.031, -0.743, -0.078, 0.664)",69.90172,U201616,Statua_10
1629469467252,"(0.247, 1.826, 0.047)","(0.032, -0.744, -0.077, 0.663)",71.76021,U201616,Statua_10
1629469467265,"(0.248, 1.826, 0.048)","(0.033, -0.746, -0.076, 0.661)",73.4629745,U201616,Statua_10
1629469467279,"(0.248, 1.826, 0.049)","(0.033, -0.747, -0.076, 0.659)",70.5681458,U201616,Statua_10
1629469467294,"(0.248, 1.825, 0.049)","(0.033, -0.749, -0.075, 0.657)",70.8636856,U201616,Statua_10
1629469467307,"(0.248, 1.825, 0.050)","(0.033, -0.751, -0.074, 0.656)",72.79822,U201616,Statua_10
1629469467322,"(0.249, 1.825, 0.051)","(0.034, -0.752, -0.074, 0.654)",68.44908,U201616,Statua_10
1629469467335,"(0.249, 1.825, 0.052)","(0.034, -0.754, -0.073, 0.652)",74.6720047,U201616,Statua_10
1629469467349,"(0.249, 1.825, 0.053)","(0.035, -0.755, -0.072, 0.650)",72.4474945,U201616,Statua_10
1629469467363,"(0.249, 1.824, 0.054)","(0.037, -0.757, -0.071, 0.649)",73.89618,U201616,Statua_10
1629469467377,"(0.249, 1.824, 0.054)","(0.040, -0.758, -0.070, 0.647)",70.681366,U201616,Statua_10
1629469467391,"(0.249, 1.823, 0.055)","(0.042, -0.760, -0.069, 0.645)",70.29284,U201616,Statua_10
1629469467404,"(0.249, 1.822, 0.056)","(0.046, -0.761, -0.067, 0.644)",74.4646,U201616,Statua_10
1629469467418,"(0.249, 1.821, 0.057)","(0.050, -0.762, -0.064, 0.642)",71.28905,U201616,Statua_10
1629469467433,"(0.249, 1.820, 0.058)","(0.055, -0.763, -0.062, 0.641)",71.38217,U201616,Statua_10
1629469467446,"(0.249, 1.819, 0.059)","(0.061, -0.764, -0.059, 0.640)",71.881424,U201616,Statua_10
1629469467460,"(0.249, 1.818, 0.060)","(0.066, -0.765, -0.056, 0.638)",72.6390457,U201616,Statua_10
1629469467474,"(0.249, 1.818, 0.061)","(0.070, -0.766, -0.052, 0.637)",70.4826,U201616,Statua_10
1629469467488,"(0.248, 1.817, 0.062)","(0.073, -0.767, -0.049, 0.635)",71.5906754,U201616,Statua_10
1629469467502,"(0.248, 1.815, 0.063)","(0.078, -0.768, -0.046, 0.634)",74.13118,U201616,Statua_10
1629469467516,"(0.247, 1.813, 0.064)","(0.083, -0.769, -0.042, 0.632)",70.10165,U201616,Statua_10
1629469467530,"(0.247, 1.811, 0.065)","(0.090, -0.770, -0.037, 0.631)",70.988945,U201616,Statua_10
1629469467544,"(0.246, 1.809, 0.066)","(0.097, -0.770, -0.031, 0.630)",74.68148,U201616,Statua_10
1629469467558,"(0.246, 1.807, 0.066)","(0.104, -0.770, -0.024, 0.629)",70.63644,U201616,Statua_10
1629469467572,"(0.245, 1.805, 0.067)","(0.111, -0.771, -0.016, 0.627)",70.87273,U201616,Statua_10
1629469467585,"(0.244, 1.802, 0.068)","(0.120, -0.771, -0.008, 0.625)",73.98365,U201616,Statua_10
1629469467600,"(0.244, 1.799, 0.068)","(0.128, -0.772, 0.000, 0.623)",70.17741,U201616,Statua_10
1629469467614,"(0.243, 1.796, 0.069)","(0.136, -0.772, 0.009, 0.621)",71.8334045,U201616,Statua_10
1629469467627,"(0.243, 1.793, 0.070)","(0.144, -0.772, 0.016, 0.619)",72.72886,U201616,Statua_10
1629469467641,"(0.242, 1.791, 0.071)","(0.153, -0.772, 0.023, 0.617)",70.8933258,U201616,Statua_10
1629469467655,"(0.241, 1.788, 0.071)","(0.161, -0.772, 0.030, 0.614)",71.97869,U201616,Statua_10
1629469467669,"(0.241, 1.786, 0.072)","(0.169, -0.773, 0.036, 0.611)",71.56198,U201616,Statua_10
1629469467683,"(0.240, 1.783, 0.072)","(0.175, -0.773, 0.042, 0.609)",72.29508,U201616,Statua_10
1629469467697,"(0.240, 1.780, 0.073)","(0.182, -0.773, 0.047, 0.607)",71.5236,U201616,Statua_10
1629469467711,"(0.239, 1.778, 0.074)","(0.189, -0.772, 0.052, 0.605)",71.81071,U201616,Statua_10
1629469467725,"(0.238, 1.775, 0.075)","(0.195, -0.771, 0.057, 0.604)",73.43384,U201616,Statua_10
1629469467739,"(0.238, 1.772, 0.076)","(0.201, -0.769, 0.062, 0.603)",71.81277,U201616,Statua_10
1629469467753,"(0.237, 1.770, 0.077)","(0.207, -0.768, 0.067, 0.603)",70.99147,U201616,Statua_10
1629469467767,"(0.237, 1.767, 0.078)","(0.213, -0.766, 0.071, 0.602)",71.9279556,U201616,Statua_10
1629469467795,"(0.236, 1.762, 0.080)","(0.224, -0.763, 0.080, 0.601)",35.55682,U201616,Statua_10
1629469467809,"(0.235, 1.760, 0.081)","(0.229, -0.761, 0.085, 0.601)",72.5015945,U201616,Statua_10
1629469467822,"(0.235, 1.757, 0.082)","(0.235, -0.758, 0.089, 0.602)",74.78257,U201616,Statua_10
1629469467836,"(0.234, 1.755, 0.083)","(0.239, -0.756, 0.092, 0.602)",68.43503,U201616,Statua_10
1629469467850,"(0.233, 1.754, 0.083)","(0.243, -0.755, 0.095, 0.602)",73.23057,U201616,Statua_10
1629469467864,"(0.232, 1.752, 0.084)","(0.246, -0.754, 0.097, 0.602)",73.16841,U201616,Statua_10
1629469467878,"(0.230, 1.750, 0.085)","(0.248, -0.753, 0.098, 0.602)",70.71286,U201616,Statua_10
1629469467892,"(0.229, 1.748, 0.086)","(0.251, -0.752, 0.099, 0.601)",71.1192,U201616,Statua_10
1629469467920,"(0.227, 1.744, 0.087)","(0.259, -0.750, 0.100, 0.600)",36.04292,U201616,Statua_10
1629469467934,"(0.226, 1.742, 0.088)","(0.263, -0.750, 0.099, 0.599)",70.88629,U201616,Statua_10
1629469467948,"(0.225, 1.740, 0.089)","(0.267, -0.749, 0.099, 0.599)",70.4364243,U201616,Statua_10
1629469467962,"(0.224, 1.738, 0.090)","(0.271, -0.748, 0.098, 0.598)",73.86779,U201616,Statua_10
1629469467976,"(0.223, 1.736, 0.091)","(0.276, -0.747, 0.099, 0.597)",70.45925,U201616,Statua_10
1629469468003,"(0.221, 1.732, 0.094)","(0.286, -0.744, 0.099, 0.596)",36.2202034,U201616,Statua_10
1629469468017,"(0.220, 1.730, 0.095)","(0.291, -0.742, 0.100, 0.596)",72.5126343,U201616,Statua_10
1629469468031,"(0.219, 1.728, 0.096)","(0.297, -0.740, 0.101, 0.595)",70.6658859,U201616,Statua_10
1629469468045,"(0.218, 1.726, 0.097)","(0.302, -0.738, 0.102, 0.594)",73.7397842,U201616,Statua_10
1629469468059,"(0.217, 1.725, 0.098)","(0.306, -0.737, 0.103, 0.594)",71.61375,U201616,Statua_10
1629469468073,"(0.217, 1.724, 0.099)","(0.309, -0.736, 0.103, 0.594)",70.9074,U201616,Statua_10
1629469468101,"(0.215, 1.722, 0.101)","(0.313, -0.734, 0.104, 0.594)",36.06853,U201616,Statua_10
1629469468115,"(0.214, 1.721, 0.102)","(0.316, -0.733, 0.104, 0.594)",71.1040344,U201616,Statua_10
1629469468129,"(0.213, 1.720, 0.103)","(0.318, -0.732, 0.103, 0.593)",72.43175,U201616,Statua_10
1629469468142,"(0.213, 1.719, 0.104)","(0.321, -0.731, 0.103, 0.593)",73.1818,U201616,Statua_10
1629469468156,"(0.212, 1.718, 0.105)","(0.323, -0.730, 0.103, 0.593)",70.72636,U201616,Statua_10
1629469468184,"(0.210, 1.717, 0.107)","(0.327, -0.729, 0.101, 0.593)",35.669445,U201616,Statua_10
1629469468198,"(0.210, 1.716, 0.108)","(0.329, -0.728, 0.101, 0.593)",73.25632,U201616,Statua_10
1629469468213,"(0.209, 1.715, 0.109)","(0.331, -0.727, 0.101, 0.594)",69.28615,U201616,Statua_10
1629469468226,"(0.208, 1.714, 0.110)","(0.333, -0.725, 0.100, 0.594)",74.68427,U201616,Statua_10
1629469468240,"(0.208, 1.713, 0.111)","(0.335, -0.724, 0.100, 0.595)",71.41072,U201616,Statua_10
1629469468254,"(0.207, 1.712, 0.112)","(0.337, -0.723, 0.100, 0.595)",70.9818954,U201616,Statua_10
1629469468282,"(0.205, 1.711, 0.113)","(0.341, -0.721, 0.101, 0.595)",35.9298668,U201616,Statua_10
1629469468296,"(0.205, 1.711, 0.114)","(0.342, -0.720, 0.101, 0.596)",71.99113,U201616,Statua_10
1629469468310,"(0.204, 1.710, 0.115)","(0.343, -0.719, 0.101, 0.596)",70.681366,U201616,Statua_10
1629469468323,"(0.204, 1.710, 0.116)","(0.343, -0.719, 0.101, 0.596)",75.21964,U201616,Statua_10
1629469468338,"(0.203, 1.710, 0.116)","(0.344, -0.718, 0.101, 0.596)",68.85772,U201616,Statua_10
1629469468352,"(0.202, 1.709, 0.117)","(0.345, -0.718, 0.101, 0.596)",71.68613,U201616,Statua_10
1629469468379,"(0.201, 1.709, 0.118)","(0.346, -0.717, 0.101, 0.596)",36.46933,U201616,Statua_10
1629469468393,"(0.201, 1.708, 0.119)","(0.346, -0.717, 0.101, 0.596)",71.4898453,U201616,Statua_10
1629469468407,"(0.200, 1.708, 0.119)","(0.347, -0.717, 0.101, 0.596)",73.32561,U201616,Statua_10
1629469468421,"(0.200, 1.708, 0.120)","(0.347, -0.717, 0.101, 0.597)",71.45869,U201616,Statua_10
1629469468435,"(0.200, 1.707, 0.120)","(0.347, -0.716, 0.101, 0.597)",71.60708,U201616,Statua_10
1629469468449,"(0.199, 1.707, 0.121)","(0.348, -0.715, 0.101, 0.597)",70.72536,U201616,Statua_10
1629469468476,"(0.199, 1.706, 0.121)","(0.349, -0.714, 0.101, 0.598)",36.3117447,U201616,Statua_10
1629469468490,"(0.198, 1.706, 0.121)","(0.350, -0.714, 0.101, 0.599)",70.996,U201616,Statua_10
1629469468504,"(0.198, 1.705, 0.122)","(0.351, -0.713, 0.102, 0.599)",73.9060059,U201616,Statua_10
1629469468518,"(0.198, 1.705, 0.122)","(0.351, -0.712, 0.102, 0.599)",70.7563858,U201616,Statua_10
1629469468532,"(0.198, 1.705, 0.122)","(0.352, -0.712, 0.102, 0.599)",70.68787,U201616,Statua_10
1629469468546,"(0.198, 1.704, 0.122)","(0.352, -0.712, 0.102, 0.600)",72.60951,U201616,Statua_10
1629469468574,"(0.198, 1.704, 0.122)","(0.352, -0.711, 0.103, 0.600)",35.61951,U201616,Statua_10
1629469468588,"(0.198, 1.704, 0.122)","(0.353, -0.711, 0.104, 0.600)",72.2924652,U201616,Statua_10
1629469468602,"(0.198, 1.704, 0.121)","(0.353, -0.711, 0.105, 0.599)",72.81836,U201616,Statua_10
1629469468616,"(0.198, 1.703, 0.121)","(0.353, -0.711, 0.105, 0.599)",71.82205,U201616,Statua_10
1629469468630,"(0.198, 1.703, 0.121)","(0.353, -0.711, 0.106, 0.599)",71.38217,U201616,Statua_10
1629469468644,"(0.198, 1.703, 0.121)","(0.353, -0.711, 0.107, 0.599)",71.8354645,U201616,Statua_10
1629469468672,"(0.199, 1.703, 0.120)","(0.352, -0.711, 0.108, 0.599)",35.6325836,U201616,Statua_10
1629469468685,"(0.199, 1.703, 0.119)","(0.352, -0.711, 0.109, 0.599)",73.22413,U201616,Statua_10
1629469468699,"(0.200, 1.704, 0.119)","(0.351, -0.711, 0.110, 0.599)",72.35471,U201616,Statua_10
1629469468713,"(0.200, 1.704, 0.118)","(0.350, -0.711, 0.112, 0.600)",71.38523,U201616,Statua_10
1629469468727,"(0.200, 1.704, 0.117)","(0.349, -0.710, 0.112, 0.601)",72.07831,U201616,Statua_10
1629469468741,"(0.201, 1.705, 0.116)","(0.348, -0.710, 0.114, 0.602)",71.233696,U201616,Statua_10
1629469468769,"(0.202, 1.707, 0.114)","(0.344, -0.708, 0.117, 0.606)",35.7414742,U201616,Statua_10
1629469468783,"(0.202, 1.709, 0.112)","(0.341, -0.708, 0.119, 0.607)",73.4581146,U201616,Statua_10
1629469468797,"(0.203, 1.710, 0.111)","(0.336, -0.708, 0.121, 0.609)",71.38472,U201616,Statua_10
1629469468811,"(0.204, 1.711, 0.109)","(0.332, -0.709, 0.123, 0.610)",71.33329,U201616,Statua_10
1629469468824,"(0.204, 1.712, 0.108)","(0.327, -0.710, 0.126, 0.611)",72.965004,U201616,Statua_10
1629469468839,"(0.205, 1.713, 0.106)","(0.322, -0.711, 0.129, 0.612)",69.9795,U201616,Statua_10
1629469468866,"(0.207, 1.715, 0.103)","(0.314, -0.711, 0.136, 0.614)",36.1440125,U201616,Statua_10
1629469468880,"(0.208, 1.716, 0.101)","(0.310, -0.712, 0.139, 0.615)",71.33889,U201616,Statua_10
1629469468894,"(0.209, 1.717, 0.099)","(0.306, -0.712, 0.142, 0.616)",73.1454,U201616,Statua_10
1629469468908,"(0.209, 1.718, 0.096)","(0.301, -0.713, 0.145, 0.616)",71.2763443,U201616,Statua_10
1629469468922,"(0.210, 1.718, 0.094)","(0.298, -0.714, 0.148, 0.617)",72.79451,U201616,Statua_10
1629469468936,"(0.211, 1.719, 0.092)","(0.294, -0.714, 0.151, 0.618)",69.89586,U201616,Statua_10
1629469468964,"(0.213, 1.720, 0.087)","(0.287, -0.714, 0.158, 0.619)",36.07035,U201616,Statua_10
1629469468978,"(0.214, 1.721, 0.085)","(0.283, -0.714, 0.162, 0.619)",72.2606,U201616,Statua_10
1629469468992,"(0.215, 1.721, 0.082)","(0.279, -0.715, 0.167, 0.619)",70.89031,U201616,Statua_10
1629469469005,"(0.216, 1.722, 0.080)","(0.274, -0.715, 0.172, 0.620)",73.93169,U201616,Statua_10
1629469469019,"(0.216, 1.723, 0.077)","(0.269, -0.715, 0.177, 0.620)",71.8478546,U201616,Statua_10
1629469469047,"(0.218, 1.723, 0.072)","(0.251, -0.715, 0.198, 0.622)",35.5998573,U201616,Statua_10
1629469469061,"(0.220, 1.723, 0.071)","(0.250, -0.711, 0.201, 0.626)",72.6511841,U201616,Statua_10
1629469469075,"(0.220, 1.724, 0.069)","(0.249, -0.707, 0.207, 0.628)",70.42204,U201616,Statua_10
1629469469089,"(0.221, 1.725, 0.067)","(0.238, -0.705, 0.214, 0.633)",72.495285,U201616,Statua_10
1629469469103,"(0.222, 1.725, 0.065)","(0.227, -0.702, 0.225, 0.637)",74.5417557,U201616,Statua_10
1629469469117,"(0.223, 1.725, 0.064)","(0.216, -0.697, 0.235, 0.641)",69.173996,U201616,Statua_10
1629469469145,"(0.224, 1.725, 0.060)","(0.198, -0.687, 0.253, 0.652)",35.9707069,U201616,Statua_10
1629469469159,"(0.224, 1.726, 0.058)","(0.188, -0.682, 0.262, 0.656)",72.33901,U201616,Statua_10
1629469469173,"(0.225, 1.726, 0.056)","(0.178, -0.679, 0.270, 0.659)",70.59206,U201616,Statua_10
1629469469187,"(0.226, 1.726, 0.053)","(0.169, -0.676, 0.279, 0.661)",72.74579,U201616,Statua_10
1629469469200,"(0.226, 1.726, 0.051)","(0.160, -0.673, 0.286, 0.663)",71.9408951,U201616,Statua_10
1629469469215,"(0.227, 1.726, 0.048)","(0.153, -0.671, 0.292, 0.664)",69.8572845,U201616,Statua_10
1629469469242,"(0.227, 1.726, 0.043)","(0.142, -0.671, 0.300, 0.663)",36.334568,U201616,Statua_10
1629469469256,"(0.228, 1.727, 0.040)","(0.138, -0.672, 0.302, 0.662)",71.27076,U201616,Statua_10
1629469469270,"(0.228, 1.727, 0.038)","(0.134, -0.674, 0.304, 0.660)",72.43805,U201616,Statua_10
1629469469284,"(0.229, 1.727, 0.036)","(0.131, -0.676, 0.305, 0.658)",73.02255,U201616,Statua_10
1629469469298,"(0.229, 1.728, 0.034)","(0.129, -0.678, 0.306, 0.656)",70.4518051,U201616,Statua_10
1629469469326,"(0.230, 1.728, 0.029)","(0.127, -0.683, 0.305, 0.651)",36.02604,U201616,Statua_10
1629469469340,"(0.231, 1.729, 0.028)","(0.127, -0.686, 0.304, 0.648)",72.4590454,U201616,Statua_10
1629469469354,"(0.231, 1.729, 0.026)","(0.127, -0.689, 0.303, 0.646)",68.27616,U201616,Statua_10
1629469469368,"(0.231, 1.729, 0.024)","(0.127, -0.692, 0.302, 0.644)",75.0401459,U201616,Statua_10
1629469469381,"(0.232, 1.730, 0.023)","(0.127, -0.694, 0.301, 0.641)",72.81836,U201616,Statua_10
1629469469396,"(0.232, 1.730, 0.022)","(0.127, -0.696, 0.301, 0.639)",69.81924,U201616,Statua_10
1629469469423,"(0.232, 1.731, 0.020)","(0.128, -0.699, 0.299, 0.637)",36.25658,U201616,Statua_10
1629469469437,"(0.233, 1.732, 0.019)","(0.128, -0.700, 0.298, 0.636)",72.2835846,U201616,Statua_10
1629469469451,"(0.233, 1.732, 0.018)","(0.128, -0.701, 0.297, 0.635)",69.72431,U201616,Statua_10
1629469469465,"(0.233, 1.732, 0.018)","(0.128, -0.702, 0.296, 0.635)",75.58979,U201616,Statua_10
1629469469479,"(0.234, 1.732, 0.017)","(0.128, -0.703, 0.296, 0.634)",70.30421,U201616,Statua_10
1629469469493,"(0.234, 1.733, 0.017)","(0.129, -0.704, 0.295, 0.634)",70.7573853,U201616,Statua_10
1629469469521,"(0.234, 1.733, 0.016)","(0.130, -0.704, 0.293, 0.633)",36.12547,U201616,Statua_10
1629469469535,"(0.235, 1.733, 0.016)","(0.130, -0.705, 0.292, 0.633)",71.05654,U201616,Statua_10
1629469469548,"(0.235, 1.734, 0.016)","(0.131, -0.705, 0.292, 0.633)",72.96927,U201616,Statua_10
1629469469562,"(0.235, 1.734, 0.016)","(0.131, -0.705, 0.291, 0.633)",72.97459,U201616,Statua_10
1629469469576,"(0.235, 1.734, 0.017)","(0.132, -0.706, 0.290, 0.633)",70.04813,U201616,Statua_10
1629469469604,"(0.235, 1.735, 0.017)","(0.133, -0.706, 0.288, 0.633)",35.9634628,U201616,Statua_10
1629469469618,"(0.236, 1.735, 0.017)","(0.134, -0.706, 0.287, 0.633)",72.196434,U201616,Statua_10
1629469469632,"(0.236, 1.735, 0.018)","(0.135, -0.706, 0.286, 0.634)",71.45715,U201616,Statua_10
1629469469646,"(0.236, 1.735, 0.018)","(0.136, -0.706, 0.285, 0.633)",73.21663,U201616,Statua_10
1629469469660,"(0.236, 1.735, 0.019)","(0.136, -0.707, 0.285, 0.633)",71.5322952,U201616,Statua_10
1629469469674,"(0.236, 1.735, 0.019)","(0.137, -0.707, 0.284, 0.633)",70.41857,U201616,Statua_10
1629469469702,"(0.236, 1.735, 0.020)","(0.138, -0.708, 0.282, 0.633)",36.19097,U201616,Statua_10
1629469469716,"(0.235, 1.735, 0.020)","(0.139, -0.708, 0.281, 0.633)",71.15766,U201616,Statua_10
1629469469730,"(0.235, 1.735, 0.021)","(0.140, -0.708, 0.281, 0.633)",71.53485,U201616,Statua_10
1629469469743,"(0.235, 1.735, 0.021)","(0.141, -0.708, 0.281, 0.632)",74.118,U201616,Statua_10
1629469469757,"(0.235, 1.735, 0.022)","(0.142, -0.708, 0.280, 0.632)",69.8812,U201616,Statua_10
1629469469785,"(0.235, 1.735, 0.023)","(0.143, -0.709, 0.279, 0.632)",36.0054169,U201616,Statua_10
1629469469799,"(0.235, 1.736, 0.023)","(0.144, -0.709, 0.278, 0.632)",72.25956,U201616,Statua_10
1629469469813,"(0.235, 1.736, 0.024)","(0.144, -0.709, 0.278, 0.632)",70.2064743,U201616,Statua_10
1629469469827,"(0.235, 1.736, 0.024)","(0.145, -0.709, 0.277, 0.632)",74.6458054,U201616,Statua_10
1629469469841,"(0.235, 1.736, 0.025)","(0.145, -0.709, 0.277, 0.632)",70.87624,U201616,Statua_10
1629469469855,"(0.235, 1.736, 0.025)","(0.146, -0.709, 0.275, 0.632)",70.6015244,U201616,Statua_10
1629469469883,"(0.234, 1.736, 0.026)","(0.147, -0.710, 0.274, 0.632)",36.1310844,U201616,Statua_10
1629469469897,"(0.235, 1.736, 0.026)","(0.148, -0.710, 0.274, 0.631)",71.29006,U201616,Statua_10
1629469469911,"(0.235, 1.736, 0.027)","(0.149, -0.711, 0.273, 0.631)",71.82463,U201616,Statua_10
1629469469924,"(0.235, 1.736, 0.027)","(0.150, -0.711, 0.272, 0.630)",73.4915848,U201616,Statua_10
1629469469938,"(0.235, 1.736, 0.028)","(0.151, -0.712, 0.272, 0.630)",70.78694,U201616,Statua_10
1629469469966,"(0.235, 1.736, 0.029)","(0.153, -0.712, 0.270, 0.630)",35.9066429,U201616,Statua_10
1629469469980,"(0.235, 1.736, 0.029)","(0.154, -0.713, 0.269, 0.629)",72.5431442,U201616,Statua_10
1629469469994,"(0.235, 1.736, 0.030)","(0.155, -0.713, 0.269, 0.629)",70.96527,U201616,Statua_10
1629469470008,"(0.235, 1.736, 0.030)","(0.157, -0.713, 0.268, 0.629)",71.74013,U201616,Statua_10
1629469470022,"(0.235, 1.736, 0.031)","(0.159, -0.713, 0.267, 0.628)",73.92622,U201616,Statua_10
1629469470036,"(0.236, 1.736, 0.031)","(0.161, -0.713, 0.266, 0.628)",69.05505,U201616,Statua_10
1629469470064,"(0.236, 1.736, 0.032)","(0.164, -0.713, 0.265, 0.628)",36.12025,U201616,Statua_10
1629469470078,"(0.236, 1.736, 0.032)","(0.165, -0.714, 0.264, 0.627)",72.15007,U201616,Statua_10
1629469470092,"(0.236, 1.737, 0.032)","(0.166, -0.714, 0.263, 0.627)",71.5701752,U201616,Statua_10
1629469470105,"(0.236, 1.737, 0.033)","(0.167, -0.714, 0.262, 0.627)",73.06523,U201616,Statua_10
1629469470119,"(0.236, 1.737, 0.033)","(0.168, -0.715, 0.261, 0.627)",70.28,U201616,Statua_10
1629469470147,"(0.237, 1.737, 0.033)","(0.168, -0.715, 0.259, 0.627)",36.07647,U201616,Statua_10
1629469470161,"(0.237, 1.737, 0.033)","(0.169, -0.715, 0.259, 0.627)",71.62708,U201616,Statua_10
1629469470175,"(0.237, 1.737, 0.033)","(0.169, -0.715, 0.258, 0.627)",72.26373,U201616,Statua_10
1629469470189,"(0.237, 1.737, 0.034)","(0.170, -0.715, 0.258, 0.627)",71.70412,U201616,Statua_10
1629469470203,"(0.237, 1.737, 0.034)","(0.170, -0.715, 0.257, 0.627)",72.63325,U201616,Statua_10
1629469470217,"(0.238, 1.737, 0.034)","(0.170, -0.715, 0.257, 0.627)",70.9834061,U201616,Statua_10
1629469470245,"(0.238, 1.738, 0.034)","(0.170, -0.716, 0.257, 0.627)",35.8956871,U201616,Statua_10
1629469470259,"(0.238, 1.738, 0.033)","(0.171, -0.715, 0.257, 0.627)",71.044426,U201616,Statua_10
1629469470272,"(0.238, 1.738, 0.033)","(0.171, -0.715, 0.257, 0.627)",72.8687744,U201616,Statua_10
1629469470286,"(0.239, 1.738, 0.033)","(0.171, -0.715, 0.258, 0.627)",73.041214,U201616,Statua_10
1629469470300,"(0.239, 1.738, 0.033)","(0.171, -0.715, 0.258, 0.627)",71.51643,U201616,Statua_10
1629469470328,"(0.239, 1.738, 0.033)","(0.171, -0.715, 0.258, 0.627)",35.481,U201616,Statua_10
1629469470342,"(0.240, 1.738, 0.032)","(0.170, -0.716, 0.258, 0.627)",71.25197,U201616,Statua_10
1629469470356,"(0.240, 1.738, 0.032)","(0.170, -0.716, 0.257, 0.627)",72.93574,U201616,Statua_10
1629469470370,"(0.240, 1.738, 0.032)","(0.169, -0.716, 0.257, 0.627)",70.78794,U201616,Statua_10
1629469470384,"(0.240, 1.738, 0.032)","(0.169, -0.716, 0.257, 0.626)",73.83888,U201616,Statua_10
1629469470412,"(0.241, 1.738, 0.032)","(0.169, -0.716, 0.257, 0.626)",35.4220543,U201616,Statua_10
1629469470426,"(0.241, 1.739, 0.031)","(0.169, -0.716, 0.257, 0.626)",71.52973,U201616,Statua_10
1629469470440,"(0.241, 1.739, 0.031)","(0.169, -0.716, 0.256, 0.626)",72.67495,U201616,Statua_10
1629469470453,"(0.242, 1.739, 0.031)","(0.169, -0.717, 0.256, 0.626)",72.4774246,U201616,Statua_10
1629469470467,"(0.242, 1.739, 0.031)","(0.169, -0.717, 0.256, 0.627)",72.4558945,U201616,Statua_10
1629469470495,"(0.242, 1.739, 0.031)","(0.169, -0.717, 0.255, 0.626)",35.56074,U201616,Statua_10
1629469470509,"(0.243, 1.739, 0.030)","(0.168, -0.717, 0.255, 0.626)",72.82738,U201616,Statua_10
1629469470523,"(0.243, 1.739, 0.030)","(0.168, -0.717, 0.255, 0.626)",71.7736,U201616,Statua_10
1629469470537,"(0.243, 1.739, 0.030)","(0.168, -0.717, 0.255, 0.626)",72.8655853,U201616,Statua_10
1629469470551,"(0.243, 1.739, 0.030)","(0.168, -0.717, 0.255, 0.626)",70.70386,U201616,Statua_10
1629469470565,"(0.243, 1.739, 0.030)","(0.169, -0.717, 0.255, 0.626)",72.0861,U201616,Statua_10
1629469470593,"(0.244, 1.739, 0.030)","(0.169, -0.717, 0.255, 0.626)",35.861702,U201616,Statua_10
1629469470607,"(0.244, 1.739, 0.029)","(0.169, -0.718, 0.254, 0.626)",72.06999,U201616,Statua_10
1629469470620,"(0.244, 1.740, 0.029)","(0.169, -0.718, 0.254, 0.626)",72.66491,U201616,Statua_10
1629469470634,"(0.244, 1.740, 0.029)","(0.168, -0.718, 0.254, 0.626)",70.8536453,U201616,Statua_10
1629469470649,"(0.244, 1.740, 0.029)","(0.168, -0.718, 0.253, 0.626)",71.19921,U201616,Statua_10
1629469470676,"(0.245, 1.740, 0.029)","(0.168, -0.718, 0.253, 0.626)",36.1150322,U201616,Statua_10
1629469470690,"(0.245, 1.740, 0.029)","(0.168, -0.718, 0.253, 0.626)",71.37657,U201616,Statua_10
1629469470704,"(0.245, 1.740, 0.029)","(0.168, -0.718, 0.252, 0.626)",72.84647,U201616,Statua_10
1629469470718,"(0.245, 1.740, 0.028)","(0.168, -0.718, 0.252, 0.627)",71.18907,U201616,Statua_10
1629469470732,"(0.245, 1.740, 0.028)","(0.168, -0.718, 0.251, 0.627)",71.35874,U201616,Statua_10
1629469470746,"(0.245, 1.740, 0.028)","(0.168, -0.718, 0.251, 0.627)",73.38534,U201616,Statua_10
1629469470774,"(0.246, 1.741, 0.028)","(0.168, -0.717, 0.250, 0.628)",35.43787,U201616,Statua_10
1629469470788,"(0.246, 1.741, 0.028)","(0.168, -0.717, 0.250, 0.629)",72.22041,U201616,Statua_10
1629469470801,"(0.246, 1.741, 0.028)","(0.168, -0.717, 0.249, 0.629)",73.54293,U201616,Statua_10
1629469470815,"(0.246, 1.741, 0.028)","(0.168, -0.717, 0.248, 0.630)",71.34245,U201616,Statua_10
1629469470829,"(0.246, 1.741, 0.028)","(0.168, -0.717, 0.248, 0.630)",70.9214859,U201616,Statua_10
1629469470857,"(0.247, 1.741, 0.027)","(0.169, -0.716, 0.248, 0.631)",35.97135,U201616,Statua_10
1629469470871,"(0.247, 1.741, 0.027)","(0.169, -0.716, 0.247, 0.631)",71.79369,U201616,Statua_10
1629469470885,"(0.247, 1.742, 0.027)","(0.169, -0.715, 0.247, 0.632)",72.103775,U201616,Statua_10
1629469470899,"(0.247, 1.742, 0.027)","(0.169, -0.715, 0.246, 0.632)",72.57474,U201616,Statua_10
1629469470913,"(0.247, 1.742, 0.026)","(0.169, -0.715, 0.246, 0.632)",71.72315,U201616,Statua_10
1629469470927,"(0.247, 1.742, 0.026)","(0.169, -0.714, 0.246, 0.633)",70.82203,U201616,Statua_10
1629469470955,"(0.248, 1.742, 0.026)","(0.170, -0.713, 0.245, 0.634)",35.86878,U201616,Statua_10
1629469470969,"(0.248, 1.742, 0.026)","(0.170, -0.713, 0.245, 0.635)",71.23725,U201616,Statua_10
1629469470983,"(0.248, 1.742, 0.025)","(0.170, -0.713, 0.244, 0.635)",73.12828,U201616,Statua_10
1629469470996,"(0.248, 1.742, 0.025)","(0.170, -0.712, 0.244, 0.636)",72.51579,U201616,Statua_10
1629469471010,"(0.248, 1.742, 0.025)","(0.171, -0.712, 0.243, 0.637)",70.63294,U201616,Statua_10
1629469471038,"(0.249, 1.743, 0.024)","(0.171, -0.711, 0.242, 0.638)",35.9165726,U201616,Statua_10
1629469471052,"(0.249, 1.743, 0.023)","(0.171, -0.711, 0.241, 0.639)",70.54674,U201616,Statua_10
1629469471066,"(0.249, 1.744, 0.023)","(0.171, -0.710, 0.240, 0.639)",73.8628845,U201616,Statua_10
1629469471080,"(0.250, 1.744, 0.023)","(0.170, -0.710, 0.240, 0.640)",71.45869,U201616,Statua_10
1629469471094,"(0.250, 1.745, 0.022)","(0.170, -0.710, 0.238, 0.641)",72.69925,U201616,Statua_10
1629469471108,"(0.250, 1.746, 0.021)","(0.168, -0.709, 0.237, 0.642)",70.9295349,U201616,Statua_10
1629469471136,"(0.251, 1.748, 0.020)","(0.165, -0.709, 0.233, 0.645)",36.07152,U201616,Statua_10
1629469471150,"(0.252, 1.749, 0.020)","(0.163, -0.708, 0.232, 0.647)",71.30277,U201616,Statua_10
1629469471163,"(0.252, 1.750, 0.019)","(0.161, -0.708, 0.230, 0.648)",72.8528442,U201616,Statua_10
1629469471177,"(0.253, 1.751, 0.018)","(0.158, -0.707, 0.228, 0.650)",71.09595,U201616,Statua_10
1629469471191,"(0.254, 1.751, 0.017)","(0.155, -0.707, 0.226, 0.652)",71.425,U201616,Statua_10
1629469471205,"(0.254, 1.752, 0.016)","(0.153, -0.707, 0.224, 0.654)",71.87678,U201616,Statua_10
1629469471233,"(0.256, 1.754, 0.013)","(0.148, -0.705, 0.221, 0.657)",35.89092,U201616,Statua_10
1629469471247,"(0.257, 1.755, 0.012)","(0.146, -0.704, 0.219, 0.659)",72.74896,U201616,Statua_10
1629469471261,"(0.258, 1.756, 0.010)","(0.144, -0.703, 0.218, 0.661)",72.00824,U201616,Statua_10
1629469471275,"(0.259, 1.757, 0.008)","(0.142, -0.702, 0.216, 0.663)",71.95953,U201616,Statua_10
1629469471289,"(0.260, 1.758, 0.007)","(0.140, -0.701, 0.215, 0.665)",70.86569,U201616,Statua_10
1629469471303,"(0.261, 1.759, 0.005)","(0.137, -0.700, 0.214, 0.667)",72.00928,U201616,Statua_10
1629469471331,"(0.262, 1.762, 0.000)","(0.131, -0.698, 0.211, 0.672)",35.8231621,U201616,Statua_10
1629469471344,"(0.263, 1.763, -0.002)","(0.128, -0.697, 0.210, 0.674)",73.0465546,U201616,Statua_10
1629469471358,"(0.264, 1.764, -0.005)","(0.125, -0.696, 0.209, 0.676)",71.44592,U201616,Statua_10
1629469471372,"(0.264, 1.765, -0.007)","(0.122, -0.694, 0.207, 0.678)",71.04998,U201616,Statua_10
1629469471386,"(0.265, 1.766, -0.009)","(0.118, -0.693, 0.205, 0.681)",73.46837,U201616,Statua_10
1629469471400,"(0.265, 1.767, -0.012)","(0.115, -0.691, 0.203, 0.684)",70.11541,U201616,Statua_10
1629469471428,"(0.266, 1.769, -0.017)","(0.108, -0.687, 0.202, 0.690)",35.8322754,U201616,Statua_10
1629469471442,"(0.266, 1.770, -0.020)","(0.106, -0.684, 0.201, 0.693)",73.95957,U201616,Statua_10
1629469471457,"(0.267, 1.770, -0.022)","(0.105, -0.680, 0.201, 0.697)",66.57523,U201616,Statua_10
1629469471470,"(0.267, 1.771, -0.025)","(0.104, -0.676, 0.200, 0.702)",75.04634,U201616,Statua_10
1629469471484,"(0.267, 1.772, -0.028)","(0.103, -0.671, 0.199, 0.707)",74.46959,U201616,Statua_10
1629469471498,"(0.267, 1.772, -0.030)","(0.102, -0.665, 0.197, 0.713)",71.0116348,U201616,Statua_10
1629469471512,"(0.267, 1.773, -0.033)","(0.101, -0.660, 0.195, 0.718)",70.83558,U201616,Statua_10
1629469471539,"(0.266, 1.775, -0.040)","(0.099, -0.648, 0.190, 0.731)",36.1955566,U201616,Statua_10
1629469471553,"(0.265, 1.775, -0.043)","(0.097, -0.642, 0.188, 0.736)",72.1329,U201616,Statua_10
1629469471567,"(0.265, 1.776, -0.047)","(0.096, -0.637, 0.187, 0.742)",71.59888,U201616,Statua_10
1629469471581,"(0.264, 1.777, -0.051)","(0.095, -0.631, 0.185, 0.747)",70.95117,U201616,Statua_10
1629469471595,"(0.263, 1.778, -0.055)","(0.093, -0.626, 0.183, 0.753)",73.4160461,U201616,Statua_10
1629469471609,"(0.263, 1.779, -0.059)","(0.091, -0.620, 0.181, 0.758)",70.87273,U201616,Statua_10
1629469471623,"(0.262, 1.779, -0.063)","(0.090, -0.615, 0.179, 0.762)",73.69523,U201616,Statua_10
1629469471637,"(0.261, 1.780, -0.068)","(0.088, -0.611, 0.177, 0.767)",70.29778,U201616,Statua_10
1629469471651,"(0.260, 1.780, -0.072)","(0.086, -0.606, 0.176, 0.771)",70.89031,U201616,Statua_10
1629469471679,"(0.257, 1.781, -0.082)","(0.084, -0.597, 0.175, 0.778)",36.0322723,U201616,Statua_10
1629469471693,"(0.256, 1.782, -0.087)","(0.083, -0.593, 0.174, 0.782)",72.29717,U201616,Statua_10
1629469471706,"(0.255, 1.782, -0.092)","(0.082, -0.588, 0.174, 0.785)",73.26168,U201616,Statua_10
1629469471720,"(0.254, 1.783, -0.097)","(0.081, -0.584, 0.173, 0.789)",70.86318,U201616,Statua_10
1629469471734,"(0.252, 1.783, -0.102)","(0.080, -0.580, 0.172, 0.792)",71.2210159,U201616,Statua_10
1629469471748,"(0.250, 1.784, -0.107)","(0.079, -0.575, 0.170, 0.796)",71.45307,U201616,Statua_10
1629469471762,"(0.249, 1.784, -0.112)","(0.078, -0.571, 0.169, 0.800)",73.5196838,U201616,Statua_10
1629469471776,"(0.247, 1.785, -0.118)","(0.078, -0.567, 0.167, 0.803)",71.45103,U201616,Statua_10
1629469471790,"(0.245, 1.785, -0.123)","(0.078, -0.562, 0.165, 0.807)",71.7030945,U201616,Statua_10
1629469471804,"(0.243, 1.786, -0.128)","(0.078, -0.557, 0.162, 0.811)",72.66861,U201616,Statua_10
1629469471818,"(0.241, 1.787, -0.133)","(0.078, -0.552, 0.160, 0.815)",70.98643,U201616,Statua_10
1629469471832,"(0.239, 1.789, -0.138)","(0.082, -0.546, 0.160, 0.818)",71.63991,U201616,Statua_10
1629469471846,"(0.236, 1.790, -0.144)","(0.082, -0.540, 0.158, 0.822)",72.38561,U201616,Statua_10
1629469471860,"(0.234, 1.792, -0.149)","(0.081, -0.534, 0.155, 0.827)",70.99399,U201616,Statua_10
1629469471874,"(0.232, 1.792, -0.154)","(0.081, -0.528, 0.152, 0.832)",71.1197052,U201616,Statua_10
1629469471902,"(0.227, 1.792, -0.164)","(0.082, -0.515, 0.146, 0.841)",35.8505173,U201616,Statua_10
1629469471915,"(0.225, 1.793, -0.169)","(0.083, -0.508, 0.143, 0.845)",73.63716,U201616,Statua_10
1629469471929,"(0.223, 1.793, -0.174)","(0.083, -0.501, 0.141, 0.850)",70.98139,U201616,Statua_10
1629469471943,"(0.220, 1.793, -0.179)","(0.085, -0.494, 0.139, 0.854)",73.15824,U201616,Statua_10
1629469471957,"(0.218, 1.793, -0.184)","(0.086, -0.487, 0.138, 0.858)",71.52155,U201616,Statua_10
1629469471971,"(0.216, 1.793, -0.190)","(0.087, -0.480, 0.137, 0.862)",70.63344,U201616,Statua_10
1629469471985,"(0.214, 1.793, -0.194)","(0.088, -0.472, 0.136, 0.866)",72.89374,U201616,Statua_10
1629469471999,"(0.211, 1.793, -0.199)","(0.089, -0.465, 0.135, 0.870)",69.09513,U201616,Statua_10
1629469472013,"(0.209, 1.792, -0.204)","(0.090, -0.458, 0.134, 0.874)",73.73653,U201616,Statua_10
1629469472026,"(0.207, 1.792, -0.210)","(0.091, -0.451, 0.135, 0.878)",73.30035,U201616,Statua_10
1629469472040,"(0.205, 1.791, -0.214)","(0.091, -0.444, 0.136, 0.881)",71.48576,U201616,Statua_10
1629469472054,"(0.204, 1.791, -0.219)","(0.092, -0.437, 0.137, 0.884)",71.5317841,U201616,Statua_10
1629469472068,"(0.202, 1.791, -0.224)","(0.092, -0.431, 0.138, 0.887)",71.21696,U201616,Statua_10
1629469472082,"(0.201, 1.790, -0.229)","(0.092, -0.425, 0.138, 0.890)",72.62112,U201616,Statua_10
1629469472096,"(0.199, 1.790, -0.234)","(0.091, -0.419, 0.138, 0.893)",71.04039,U201616,Statua_10
1629469472124,"(0.197, 1.789, -0.243)","(0.092, -0.408, 0.140, 0.898)",35.8487167,U201616,Statua_10
1629469472138,"(0.196, 1.789, -0.248)","(0.093, -0.402, 0.142, 0.900)",72.8889542,U201616,Statua_10
1629469472152,"(0.195, 1.789, -0.252)","(0.095, -0.397, 0.144, 0.901)",70.71835,U201616,Statua_10
1629469472166,"(0.194, 1.789, -0.257)","(0.096, -0.393, 0.144, 0.903)",72.59844,U201616,Statua_10
1629469472180,"(0.194, 1.789, -0.262)","(0.098, -0.388, 0.144, 0.905)",71.13944,U201616,Statua_10
1629469472194,"(0.193, 1.789, -0.267)","(0.101, -0.384, 0.143, 0.907)",72.49319,U201616,Statua_10
1629469472208,"(0.193, 1.789, -0.272)","(0.103, -0.379, 0.141, 0.909)",70.56117,U201616,Statua_10
1629469472221,"(0.193, 1.790, -0.278)","(0.105, -0.374, 0.139, 0.911)",75.08071,U201616,Statua_10
1629469472236,"(0.192, 1.790, -0.283)","(0.106, -0.370, 0.137, 0.913)",69.64225,U201616,Statua_10
1629469472263,"(0.192, 1.791, -0.294)","(0.108, -0.362, 0.133, 0.917)",36.0182533,U201616,Statua_10
1629469472277,"(0.192, 1.791, -0.299)","(0.108, -0.358, 0.131, 0.918)",72.76431,U201616,Statua_10
1629469472291,"(0.192, 1.792, -0.305)","(0.108, -0.354, 0.129, 0.920)",70.3383255,U201616,Statua_10
1629469472305,"(0.191, 1.792, -0.311)","(0.107, -0.349, 0.126, 0.922)",72.98258,U201616,Statua_10
1629469472319,"(0.191, 1.792, -0.317)","(0.107, -0.345, 0.125, 0.924)",71.90055,U201616,Statua_10
1629469472334,"(0.191, 1.792, -0.323)","(0.106, -0.341, 0.123, 0.926)",67.23096,U201616,Statua_10
1629469472347,"(0.191, 1.792, -0.329)","(0.106, -0.337, 0.122, 0.928)",76.4642944,U201616,Statua_10
1629469472361,"(0.190, 1.792, -0.335)","(0.105, -0.332, 0.121, 0.929)",70.90086,U201616,Statua_10
1629469472389,"(0.189, 1.791, -0.347)","(0.104, -0.325, 0.122, 0.932)",36.0867538,U201616,Statua_10
1629469472402,"(0.189, 1.791, -0.353)","(0.103, -0.321, 0.123, 0.933)",72.7929153,U201616,Statua_10
1629469472417,"(0.188, 1.790, -0.359)","(0.102, -0.318, 0.124, 0.935)",70.87775,U201616,Statua_10
1629469472430,"(0.188, 1.790, -0.365)","(0.100, -0.315, 0.125, 0.936)",72.87302,U201616,Statua_10
1629469472444,"(0.188, 1.789, -0.371)","(0.100, -0.312, 0.126, 0.937)",72.5710449,U201616,Statua_10
1629469472458,"(0.187, 1.789, -0.376)","(0.099, -0.309, 0.126, 0.938)",69.99615,U201616,Statua_10
1629469472472,"(0.187, 1.788, -0.382)","(0.098, -0.306, 0.126, 0.938)",71.42704,U201616,Statua_10
1629469472501,"(0.186, 1.787, -0.393)","(0.096, -0.302, 0.125, 0.940)",35.26777,U201616,Statua_10
1629469472514,"(0.186, 1.786, -0.399)","(0.096, -0.300, 0.125, 0.941)",75.31028,U201616,Statua_10
1629469472528,"(0.186, 1.785, -0.404)","(0.096, -0.299, 0.124, 0.941)",71.09797,U201616,Statua_10
1629469472542,"(0.186, 1.784, -0.409)","(0.097, -0.297, 0.124, 0.942)",74.13723,U201616,Statua_10
1629469472556,"(0.186, 1.784, -0.414)","(0.097, -0.296, 0.124, 0.942)",70.35218,U201616,Statua_10
1629469472570,"(0.186, 1.783, -0.419)","(0.098, -0.294, 0.123, 0.943)",71.31498,U201616,Statua_10
1629469472597,"(0.187, 1.781, -0.429)","(0.100, -0.291, 0.121, 0.944)",36.16885,U201616,Statua_10
1629469472612,"(0.187, 1.781, -0.433)","(0.103, -0.289, 0.120, 0.944)",69.8017,U201616,Statua_10
1629469472625,"(0.188, 1.781, -0.437)","(0.103, -0.288, 0.119, 0.945)",74.33894,U201616,Statua_10
1629469472639,"(0.189, 1.780, -0.442)","(0.107, -0.285, 0.116, 0.945)",72.0570145,U201616,Statua_10
1629469472653,"(0.190, 1.780, -0.446)","(0.109, -0.283, 0.113, 0.946)",71.17438,U201616,Statua_10
1629469472667,"(0.191, 1.779, -0.450)","(0.110, -0.279, 0.109, 0.948)",71.627594,U201616,Statua_10
1629469472695,"(0.195, 1.776, -0.458)","(0.116, -0.269, 0.097, 0.951)",35.7181129,U201616,Statua_10
1629469472709,"(0.197, 1.775, -0.462)","(0.120, -0.262, 0.088, 0.954)",72.08038,U201616,Statua_10
1629469472722,"(0.199, 1.774, -0.466)","(0.126, -0.252, 0.080, 0.956)",74.18563,U201616,Statua_10
1629469472737,"(0.201, 1.774, -0.470)","(0.132, -0.241, 0.074, 0.959)",70.81902,U201616,Statua_10
1629469472751,"(0.203, 1.774, -0.473)","(0.137, -0.228, 0.068, 0.962)",69.86118,U201616,Statua_10
1629469472779,"(0.208, 1.776, -0.480)","(0.149, -0.198, 0.060, 0.967)",36.227684,U201616,Statua_10
1629469472793,"(0.210, 1.779, -0.483)","(0.159, -0.181, 0.058, 0.969)",70.5556946,U201616,Statua_10
1629469472806,"(0.212, 1.782, -0.487)","(0.160, -0.164, 0.055, 0.972)",73.93934,U201616,Statua_10
1629469472820,"(0.214, 1.783, -0.492)","(0.162, -0.147, 0.050, 0.974)",71.5271759,U201616,Statua_10
1629469472848,"(0.217, 1.783, -0.505)","(0.176, -0.110, 0.039, 0.978)",35.5907364,U201616,Statua_10
1629469472862,"(0.217, 1.785, -0.511)","(0.179, -0.095, 0.039, 0.979)",72.09493,U201616,Statua_10
1629469472876,"(0.216, 1.788, -0.518)","(0.178, -0.085, 0.041, 0.980)",73.39234,U201616,Statua_10
1629469472890,"(0.214, 1.790, -0.524)","(0.173, -0.077, 0.042, 0.981)",70.0496,U201616,Statua_10
1629469472918,"(0.211, 1.793, -0.537)","(0.164, -0.069, 0.044, 0.983)",36.291317,U201616,Statua_10
